,id,x,y,type
0,1011580573,12692.04,19269.24,priority
1,101464582,11972.19,16449.57,priority
2,104255852,12065.24,16595.17,traffic_light
3,1063965797,13032.85,17576.42,priority
4,1077347793,10871.10,17198.63,priority
5,1078684116,10903.98,17164.84,traffic_light
6,1078684132,10894.87,17145.52,traffic_light
7,1100103496,12872.14,19972.17,priority
8,1139712195,13182.17,17479.34,priority
9,1146944330,13583.91,15254.70,priority
10,1168822385,14943.62,18097.97,priority
11,1219104552,12782.16,16327.06,priority
12,1238704,12814.51,14924.25,traffic_light
13,1243218667,11996.05,16498.78,priority
14,1252201733,10529.76,15024.59,priority
15,1340936532,14150.97,15509.01,priority
16,1373730443,11328.42,16355.81,priority
17,1373730465,11282.97,16507.51,priority
18,1393689529,14585.60,15478.80,priority
19,1393690270,14645.56,15460.08,priority
20,1393691330,14443.29,15465.97,priority
21,1457660304,10233.48,16181.97,priority
22,1457660305,10202.36,16183.85,priority
23,14593187,13566.08,15244.56,traffic_light
24,14601975,13335.11,15199.37,priority
25,1462694008,14944.74,18072.94,traffic_light
26,1464326514,13604.18,18162.48,priority
27,1474567438,14891.87,18940.05,traffic_light
28,1474612214,14892.36,18954.24,priority
29,1492311049,14123.26,16623.44,traffic_light
30,1502320699,11155.23,19986.19,priority
31,151110200,11350.34,16283.67,priority
32,151110209,11320.99,16244.84,priority
33,151110230,11371.02,16217.09,priority
34,1574556639,11440.15,15872.94,priority
35,1584110709,14072.38,15101.02,priority
36,1610102670,13177.53,15053.36,priority
37,1625816017,12976.73,16314.65,priority
38,1625816025,12979.40,16344.14,priority
39,1626763644,12277.85,16864.44,traffic_light
40,1630216482,11084.99,15664.96,priority
41,1638028923,11813.23,16860.62,priority
42,1638951678,13199.35,15016.07,priority
43,1638951689,13208.64,15019.48,priority
44,1639063741,13555.07,15106.41,priority
45,1639063754,13768.31,15234.15,right_before_left
46,1639063764,13874.79,15375.08,priority
47,1652563350,11107.39,15095.24,priority
48,1672368519,13216.08,15035.94,traffic_light
49,1673121810,11984.74,16491.64,priority
50,1676897371,10473.66,14964.59,priority
51,1676911892,10533.08,15176.86,priority
52,1677325198,15199.52,15977.56,dead_end
53,1677325257,14831.34,16041.11,priority
54,1677325258,14877.82,16032.13,priority
55,1678156849,14077.39,16275.29,priority
56,1678156882,14226.93,16368.68,priority
57,1678177308,14073.92,16232.16,priority
58,1678177337,14075.39,16250.16,priority
59,1678199408,13949.45,16180.26,priority
60,1678199473,13863.05,16454.00,priority
61,1678199533,13853.11,16544.76,priority
62,1678230173,14314.63,16475.91,priority
63,1678246891,13860.35,16509.29,priority
64,1678246905,13668.35,16610.30,right_before_left
65,1678246936,13733.64,16696.42,priority
66,1678246942,13668.56,16722.31,priority
67,1678411666,10108.77,19977.44,priority
68,1678411721,10054.94,20065.75,dead_end
69,1678411767,9990.81,20085.88,dead_end
70,1678411906,9813.89,20360.72,dead_end
71,1679579323,13610.43,15269.25,priority
72,1679579491,13649.10,15631.86,priority
73,1679579561,13561.09,15843.63,priority
74,1679641284,14586.92,15443.81,priority
75,1679797954,14684.20,15885.67,priority
76,1679797967,14666.80,15911.57,priority
77,1679917650,14814.71,16605.52,traffic_light
78,1679918128,14771.87,17725.15,priority
79,1679918131,14837.11,17720.95,priority
80,1679918259,14942.28,18034.87,priority
81,1679918414,14650.60,18398.36,priority
82,1679918416,15176.09,18389.56,priority
83,1679918425,14835.62,18441.54,priority
84,1679918444,14898.95,18456.35,priority
85,1679918454,14528.05,18501.01,priority
86,1679918480,14624.24,18573.06,right_before_left
87,1679918504,14625.29,18652.99,priority
88,1679948677,14594.60,17239.41,priority
89,1679948681,14175.40,17233.18,priority
90,1679948869,14357.03,18987.50,priority
91,1679948931,14227.34,19302.03,priority
92,1680004081,14666.54,18719.89,priority
93,1680004091,14744.68,18766.54,priority
94,1680004097,14714.61,18846.90,priority
95,1680004120,14788.71,18868.43,priority
96,1680834779,13453.77,16277.05,priority
97,1680834806,13558.38,16323.50,priority
98,1680834808,13508.75,16335.09,priority
99,1680834833,13538.51,16496.82,priority
100,1680834862,13501.29,16767.68,priority
101,1680834878,13552.75,16862.50,priority
102,1680834880,13485.57,16882.03,priority
103,1680834980,13523.24,17039.40,priority
104,1680835072,13490.22,17267.64,priority
105,1680835124,13121.31,17376.16,priority
106,1681608180,12863.98,17509.44,priority
107,1681608644,13268.72,18286.75,right_before_left
108,1681608658,13323.06,18424.92,priority
109,1681608676,13297.92,18444.61,priority
110,1681608777,13567.98,18828.09,priority
111,1681608830,13354.34,19137.01,priority
112,1681608855,13267.98,19590.60,priority
113,1683510206,13338.36,16806.06,priority
114,1683510231,13044.23,17056.54,priority
115,1683510241,13147.19,17066.26,priority
116,1683610395,10851.94,19552.83,priority
117,1683627730,11271.52,19019.00,priority
118,1683627734,11242.15,19032.81,priority
119,1683627763,11220.50,19054.27,priority
120,1683627819,11303.82,19108.60,priority
121,1684469777,11325.68,19932.14,priority
122,168536277,14377.24,14610.69,dead_end
123,1686164905,10150.45,19062.24,priority
124,1686195486,10210.04,19012.17,priority
125,1686195716,10183.67,19528.74,priority
126,1686195741,10189.00,19601.29,priority
127,1686195757,10176.81,19615.29,priority
128,1686195785,10203.63,19643.95,traffic_light
129,1686195810,10157.22,19663.62,traffic_light
130,1686195815,10212.56,19681.55,priority
131,1686195819,10124.13,19679.46,priority
132,1686195823,10117.11,19696.83,priority
133,1686195827,10087.21,19716.40,priority
134,1686195834,10237.17,19749.09,priority
135,1686195850,9868.14,19908.11,priority
136,1686272312,10186.91,19577.07,priority
137,1686314524,10202.84,19664.57,priority
138,1690478728,10072.01,18791.65,priority
139,1692287777,14472.10,15554.59,right_before_left
140,1692287822,14406.95,15853.13,priority
141,1692287824,14421.65,15866.15,priority
142,1696041569,9754.41,16566.34,dead_end
143,1696333158,10524.58,14957.64,traffic_light
144,1705497075,11698.49,15714.85,priority
145,1722236857,11623.31,16318.04,priority
146,1722236858,11602.04,16321.85,priority
147,1722236890,11254.25,16571.45,priority
148,1722236923,11175.34,16712.62,priority
149,1722236932,11144.05,16769.51,priority
150,1722236945,11099.34,16846.00,priority
151,1722236949,11078.74,16886.30,priority
152,1722236968,11033.66,16957.49,priority
153,1722236980,10962.61,17058.07,priority
154,1722237012,10831.29,17287.06,priority
155,1722237028,10724.40,17309.28,priority
156,1722237047,10835.53,17382.73,priority
157,1722237075,10547.04,17451.59,priority
158,1722237076,10489.37,17464.22,priority
159,1722237091,10434.98,17478.55,priority
160,1722237171,10411.04,17832.84,priority
161,1722237225,10254.07,18046.56,priority
162,1722237227,10344.14,18051.07,right_before_left
163,1722237237,10399.07,18053.68,priority
164,1725697858,10283.75,16208.45,right_before_left
165,1725697885,10237.82,16240.71,priority
166,1725697891,10230.37,16246.24,priority
167,1725697901,10212.17,16256.74,traffic_light
168,1725697912,10163.54,16268.72,priority
169,1725697932,10135.25,16291.93,priority
170,1754800693,9897.11,18628.75,priority
171,1765232737,13653.95,17951.25,priority
172,1880680506,11736.98,15666.51,priority
173,1888001394,11668.51,15377.00,priority
174,1905648557,10497.03,17664.56,priority
175,1913962718,10440.15,17666.16,priority
176,194210673,11065.95,15596.75,priority
177,1946084705,12020.04,15467.52,priority
178,1950611448,10879.48,17188.63,priority
179,1968504733,11971.41,15356.66,priority
180,1968504737,11980.21,15371.32,priority
181,2031800380,14333.38,16661.73,priority
182,2032344069,14240.92,16885.12,priority
183,2035465322,12107.51,15042.02,priority
184,2084882004,14325.31,15695.89,dead_end
185,2087339030,14482.39,16287.93,priority
186,2092482575,14072.84,16191.66,priority
187,2092522478,14077.49,16202.45,priority
188,2092522479,14080.64,16253.09,priority
189,2093662690,12531.47,15527.36,priority
190,2094232814,13926.62,16184.93,priority
191,2109063816,13233.44,14981.82,dead_end
192,2109656995,14026.43,14966.88,dead_end
193,2111201731,14041.86,15020.12,priority
194,2112725030,14211.82,15612.89,priority
195,2112873709,14752.47,15941.28,priority
196,2112963686,14764.24,16143.61,priority
197,2114070201,11718.79,15719.15,priority
198,2118859046,11334.75,16915.33,priority
199,2118859047,11325.29,16919.22,priority
200,2118859048,11318.82,16922.99,priority
201,2121328808,10421.55,17560.88,priority
202,2122860659,14079.69,16235.42,priority
203,212998951,10095.47,16759.73,priority
204,212998954,10042.56,17012.69,priority
205,213024085,9912.68,17306.17,dead_end
206,2130837925,12477.38,15527.18,traffic_light
207,2137654692,14675.88,15899.91,priority
208,2137729658,11591.24,18057.73,priority
209,2139297791,10927.33,17228.51,priority
210,2139297793,10978.66,17291.11,priority
211,2139312003,10902.92,17183.40,priority
212,2139321453,10876.11,17147.49,priority
213,2139336751,10891.63,17178.41,priority
214,2139385223,10882.87,17166.20,priority
215,2140622754,10885.85,17160.76,priority
216,2140622758,10883.84,17164.22,priority
217,2140622760,10893.96,17176.14,priority
218,215159496,10174.59,18606.71,priority
219,215160747,10219.85,18916.61,priority
220,215164623,10247.85,18704.31,priority
221,215278813,10643.57,19893.44,priority
222,215283089,11547.36,18647.23,priority
223,215285030,11177.82,19417.42,priority
224,215285699,11195.32,19328.97,priority
225,215285700,11250.22,19386.99,priority
226,215286270,11378.19,19127.34,priority
227,215288154,11749.56,18753.42,priority
228,215290283,12810.95,17589.22,traffic_light
229,215303711,12851.69,16228.30,priority
230,215304220,12767.56,16319.57,priority
231,215310638,12877.89,17409.21,priority
232,215310639,12872.80,17281.67,priority
233,215310641,12862.65,16834.11,priority
234,215311550,12804.44,17288.81,priority
235,215312518,12862.25,17118.85,priority
236,215313696,12812.78,17069.80,priority
237,215314540,12696.98,16938.00,priority
238,215319750,12577.47,16389.89,priority
239,215320140,12470.73,16327.88,priority
240,215326822,12305.31,16866.16,traffic_light
241,215338852,12584.25,16542.64,priority
242,215341700,12689.24,16420.04,priority
243,215341705,12795.21,16432.33,priority
244,215346660,12416.75,17038.89,traffic_light
245,215346669,12804.84,16481.43,priority
246,215347817,12484.32,16975.32,priority
247,215351732,12635.62,17088.03,priority
248,215351734,12686.90,17100.45,priority
249,215352365,12527.50,17121.62,priority
250,215352368,12571.26,17056.77,priority
251,215353157,12601.45,17180.96,priority
252,215355639,12584.39,16952.77,priority
253,215361057,12713.59,16613.76,right_before_left
254,215365646,12509.36,16624.42,priority
255,215400393,9889.71,17527.27,priority
256,215424346,10650.25,17225.90,priority
257,215424347,10821.70,17166.44,priority
258,215425499,10698.55,17207.11,priority
259,215807615,10017.25,17561.56,priority
260,215807616,9957.40,17588.68,priority
261,215808928,10031.74,17803.35,priority
262,215811723,10098.05,17763.21,priority
263,215811724,10113.67,17449.60,priority
264,215817188,10186.06,17583.98,priority
265,215817190,10184.32,17426.86,priority
266,215818758,10267.27,17489.34,priority
267,215818759,10261.83,17577.25,priority
268,215818763,10254.93,17748.66,priority
269,215819741,10180.92,17724.04,priority
270,215845183,10184.09,19080.95,traffic_light
271,2170902014,10886.95,17171.54,priority
272,218012008,11701.37,17940.08,priority
273,218016626,12187.16,18242.61,priority
274,218030449,12486.52,18402.92,priority
275,218030455,12231.99,18694.52,priority
276,218030458,11993.48,18480.29,priority
277,218052177,13335.63,16839.10,priority
278,218053895,13341.56,16784.51,priority
279,218055080,13119.25,16801.19,priority
280,218068198,12670.32,16265.40,priority
281,218071685,12537.66,16193.07,priority
282,218083868,13367.17,16866.90,priority
283,218083869,13332.39,16889.13,priority
284,218181296,10065.76,16331.31,traffic_light
285,218185614,10232.27,16375.86,priority
286,218185619,10301.61,16605.58,priority
287,218186205,10314.25,16532.54,priority
288,218219607,9947.93,15983.70,priority
289,218219610,9993.88,16090.93,priority
290,220512743,10162.42,19148.39,priority
291,220546168,10010.23,17479.48,priority
292,220592688,10016.30,18573.64,priority
293,221042615,10162.01,19158.44,priority
294,223094976,9982.77,17154.07,priority
295,223096046,10017.33,16852.19,priority
296,223097050,10051.22,16971.15,right_before_left
297,223097658,10028.40,17041.86,right_before_left
298,223250920,12210.71,17257.50,priority
299,223256032,12438.69,17205.50,right_before_left
300,223257678,12373.65,17195.80,right_before_left
301,223259082,12473.73,17332.04,right_before_left
302,223261577,12632.71,17420.75,right_before_left
303,223261581,12519.26,17467.70,right_before_left
304,223261585,12369.82,17466.27,right_before_left
305,223284745,12036.61,17871.08,priority
306,223284748,11923.48,17672.75,priority
307,223286046,11972.63,17793.73,priority
308,223286048,11989.16,17724.52,priority
309,223317862,11911.02,18240.50,priority
310,223317863,11987.84,18120.47,priority
311,223329147,11774.38,18484.47,priority
312,223329149,11641.91,18382.25,priority
313,223335845,11720.96,18443.25,priority
314,223339013,11027.61,17809.48,right_before_left
315,223341795,10929.49,17505.62,priority
316,223342748,10964.88,17532.34,right_before_left
317,223344148,10774.28,17610.35,priority
318,223347731,11084.56,17741.38,right_before_left
319,224345978,12182.63,16682.40,priority
320,2269249668,14644.02,17832.64,priority
321,2269266541,14894.05,17538.70,traffic_light
322,2269266554,14786.63,17439.92,right_before_left
323,2269291621,14796.65,16625.02,priority
324,2269291623,14838.30,16755.44,priority
325,2275367873,13260.80,17126.35,priority
326,2275367874,13294.33,17154.81,priority
327,2275443769,12862.29,16936.50,priority
328,2275443771,12860.09,16997.27,priority
329,227630038,12369.70,17176.42,right_before_left
330,227630045,12187.03,17539.43,priority
331,2284337798,12354.98,15375.21,priority
332,228644862,10853.91,17673.10,right_before_left
333,228644866,10822.25,17648.29,right_before_left
334,228650476,10955.86,17458.66,priority
335,228666817,10107.92,17591.40,priority
336,228684602,10343.15,17568.43,priority
337,228684615,10335.97,17739.45,priority
338,228684622,10348.58,17475.08,priority
339,228724876,11501.26,19479.53,priority
340,228724880,11969.86,18979.88,priority
341,228724884,12457.23,19060.84,priority
342,228724886,12391.13,19044.25,priority
343,228724894,12337.08,18986.78,priority
344,228724902,12094.26,19005.27,priority
345,228724908,12251.99,19142.21,priority
346,228724927,12383.95,19077.06,priority
347,228724930,12114.47,19042.48,priority
348,228724944,12338.71,19042.95,priority
349,228724945,12314.55,19024.63,priority
350,228724949,12016.89,19069.45,priority
351,228724950,12031.00,18996.82,priority
352,228724956,11906.18,19042.55,priority
353,228787418,10024.81,15938.37,priority
354,228787426,10087.51,16156.49,priority
355,229337828,10099.75,17731.87,priority
356,229339005,10231.77,17822.65,priority
357,229840993,10302.72,16788.49,priority
358,2300102574,10194.65,19054.65,priority
359,230241343,10592.81,17782.14,priority
360,230271561,9986.71,16811.48,priority
361,230292856,10002.20,16623.71,priority
362,230292861,10175.19,16637.98,priority
363,230292893,9896.34,16677.73,dead_end
364,230327883,9975.26,17019.25,dead_end
365,230327906,10225.57,16850.36,priority
366,230327910,10243.03,16835.40,priority
367,230327915,10259.90,16736.72,priority
368,230327951,10494.59,16740.44,priority
369,230327968,10564.99,16717.40,priority
370,230348990,11551.24,19806.42,priority
371,230349031,11661.47,19583.44,priority
372,230353947,13100.71,19532.27,priority
373,230353956,12539.98,19959.13,priority
374,231394168,9958.89,16928.39,dead_end
375,2316880295,13200.44,17745.07,priority
376,2316880305,13291.77,17798.36,priority
377,232249990,13021.89,17299.78,priority
378,232252587,13038.50,17118.94,priority
379,232252590,13141.12,17130.89,priority
380,232252592,13139.20,17151.33,priority
381,232252596,13247.00,17213.61,priority
382,232257056,13030.25,17208.79,priority
383,232263072,13124.37,17309.27,traffic_light
384,232263075,13132.75,17220.05,traffic_light
385,232293172,13513.84,16676.32,priority
386,2332166194,12759.04,16113.18,priority
387,233285773,10017.08,16626.53,priority
388,233289324,9892.35,16457.88,dead_end
389,2340562483,14649.33,17221.64,priority
390,2340657644,11011.29,17329.39,priority
391,2340664386,13291.66,19533.63,priority
392,234448321,11295.17,19687.88,priority
393,234457229,12010.21,18498.44,priority
394,234584085,10333.98,18225.28,right_before_left
395,234584089,10210.96,18133.11,right_before_left
396,234584097,10160.13,18050.64,right_before_left
397,234584099,10380.20,18228.93,priority
398,234589982,10111.74,18070.88,priority
399,234605642,10278.42,18151.96,priority
400,234605672,10295.55,18223.49,priority
401,234643740,10350.69,17995.40,priority
402,234643751,10253.42,17998.88,priority
403,234643784,10249.86,17985.34,priority
404,234643799,10143.85,17995.23,priority
405,2366317807,14169.31,15698.57,priority
406,2372015449,10169.28,19422.49,traffic_light
407,2374219157,14277.15,18320.12,right_before_left
408,238109921,12257.93,17293.92,right_before_left
409,238109962,9944.78,17709.70,priority
410,238109978,10021.39,17672.54,priority
411,238313977,12397.15,17060.32,traffic_light
412,238373648,10477.30,16592.14,traffic_light
413,238614952,12383.23,17801.11,priority
414,238614968,12534.90,17880.04,priority
415,238614974,12202.51,17829.67,priority
416,238614988,12320.46,17913.68,priority
417,238614990,12348.92,17941.93,priority
418,238614995,12378.63,17968.04,priority
419,238614998,12400.35,17993.05,right_before_left
420,238615004,12166.41,17888.82,priority
421,238615010,12241.81,17934.55,priority
422,238615027,12447.63,17470.68,right_before_left
423,2387467334,14910.83,18811.12,traffic_light
424,2389363133,12060.63,15913.20,priority
425,2403150011,10885.47,19427.05,priority
426,2406101572,14479.97,20106.65,priority
427,2407709731,12711.01,18277.65,priority
428,242169199,12499.82,15553.40,priority
429,242394650,10902.61,17541.13,priority
430,242394682,10853.48,17607.04,priority
431,242394705,11049.97,17931.27,priority
432,242394726,10978.55,17874.33,right_before_left
433,242516991,10681.91,17879.72,priority
434,242517003,10804.92,17738.42,priority
435,242517076,11055.89,17936.46,priority
436,242517111,10772.92,17713.22,priority
437,242517146,10848.09,17771.18,priority
438,2427226222,14858.77,16881.34,priority
439,2427287508,14934.02,17882.88,priority
440,2427289544,14881.87,17343.78,priority
441,242847938,12602.54,18444.58,priority
442,242847944,13061.22,18878.21,priority
443,242847972,12969.34,18900.44,priority
444,242848015,13069.73,17844.02,right_before_left
445,242848031,13095.95,17681.65,priority
446,242848043,12846.69,18111.49,priority
447,242848066,12869.96,18131.33,right_before_left
448,242848069,12808.22,18101.01,priority
449,242848079,12823.40,18083.41,priority
450,242848080,11265.58,20033.42,priority
451,242848101,13339.07,17505.63,priority
452,242848105,13355.42,18782.55,priority
453,242848111,13455.75,18883.31,priority
454,242848132,13355.80,18818.01,priority
455,242848134,13381.46,17253.40,priority
456,242848135,13248.73,18917.45,priority
457,242848137,13000.74,18887.55,priority
458,242922724,12665.99,16690.86,priority
459,242922727,12694.46,16738.92,priority
460,2430886791,12961.49,17837.99,priority
461,243172148,13127.57,18929.65,priority
462,243172157,13191.17,18855.32,priority
463,243172167,13209.85,18945.91,priority
464,243172177,13071.05,18759.18,priority
465,243172194,13231.84,18929.55,right_before_left
466,243364923,12428.24,20059.83,dead_end
467,243364937,12969.01,18004.35,right_before_left
468,243364947,12847.37,17929.11,priority
469,243739783,14349.61,18917.97,priority
470,243740885,14456.60,18499.17,priority
471,243741100,14624.13,18880.39,priority
472,243779047,14818.89,18901.38,traffic_light
473,243779655,14846.72,18812.52,priority
474,243836195,14546.12,18687.82,priority
475,243836242,14322.86,18366.51,priority
476,243836569,14652.44,18064.70,priority
477,243836584,14634.38,18253.56,right_before_left
478,243836587,14911.68,18314.68,traffic_light
479,243844792,14884.50,18597.08,priority
480,243983166,11916.50,16464.17,priority
481,243985553,12462.76,15477.48,priority
482,243985555,12469.64,15482.33,priority
483,244416070,14554.86,18831.27,priority
484,245798672,11069.07,17035.68,priority
485,245798674,11025.76,17097.31,priority
486,245996472,11071.63,17408.06,priority
487,245996475,10998.52,17427.68,priority
488,245996479,11033.57,17359.00,priority
489,245996484,10943.18,17372.97,priority
490,245996486,10927.88,17276.23,priority
491,245999226,10871.61,18010.64,priority
492,245999233,10910.26,17820.15,priority
493,245999235,10813.15,17931.86,priority
494,245999237,10855.06,17965.74,right_before_left
495,245999238,10887.18,17990.58,priority
496,245999253,10940.08,18066.93,priority
497,245999255,10927.31,17939.08,priority
498,245999257,10896.86,17912.77,right_before_left
499,246039731,10578.51,17671.67,priority
500,246039732,10577.86,17667.06,priority
501,246190339,13860.53,14870.32,priority
502,246190363,13733.52,14928.49,dead_end
503,246191948,13779.53,15025.66,priority
504,246271863,12536.65,17612.23,priority
505,246271866,13195.76,16702.01,priority
506,246271867,12605.88,17822.35,priority
507,246271871,13249.79,16575.72,priority
508,246271874,12430.85,17797.10,priority
509,246271879,13247.41,16764.99,priority
510,246271899,12605.66,17614.70,priority
511,246271902,11903.63,18064.08,priority
512,246271903,12603.24,17632.84,priority
513,246271911,12599.76,17682.78,priority
514,246271916,12581.38,17792.63,priority
515,246271924,12755.49,17668.14,priority
516,246271935,13321.50,17113.74,priority
517,246271951,12309.57,17783.26,priority
518,246271963,13072.63,16630.50,priority
519,246271968,12530.50,17675.00,priority
520,246271970,13140.64,16166.31,priority
521,246271980,13115.66,16318.80,priority
522,246271983,12534.98,17630.50,priority
523,246271984,13268.40,16230.96,priority
524,246271996,12441.79,17750.06,priority
525,246272001,12525.60,17713.91,priority
526,246272006,13244.38,16687.56,right_before_left
527,246276900,12464.66,17552.27,priority
528,246277809,12252.35,17547.84,priority
529,246277811,12371.44,17425.87,right_before_left
530,246277813,12182.43,17375.62,priority
531,246277816,12110.39,17538.62,priority
532,246277817,12213.96,17323.30,priority
533,246277818,12212.85,17541.92,priority
534,246277821,12183.07,17487.89,priority
535,246279218,12318.56,18079.14,priority
536,246279219,12269.15,18048.70,priority
537,246279220,12235.54,18030.66,priority
538,246279221,12196.07,18007.36,priority
539,246279222,12159.51,17985.78,priority
540,246279225,12072.60,17985.03,priority
541,246279226,12028.97,18052.73,priority
542,246279227,12243.01,18093.74,priority
543,246279228,12167.32,18060.60,priority
544,246279229,12128.47,18039.09,priority
545,246279230,12187.07,18113.38,priority
546,246279232,12153.60,18120.65,priority
547,246279234,12109.34,18192.31,priority
548,246279235,12145.88,18132.84,priority
549,246279524,12136.86,18071.76,priority
550,246279526,11999.68,17934.87,priority
551,246280212,11999.21,18373.01,priority
552,246280213,12129.43,18205.22,priority
553,246280215,11896.90,18118.06,priority
554,246280216,11919.93,18266.69,priority
555,246281797,12108.80,17187.82,priority
556,246281800,12234.35,17230.88,priority
557,246281806,12158.51,17650.39,priority
558,246281811,12219.49,17760.26,priority
559,246281812,12190.79,17756.65,priority
560,246281813,12201.11,17685.28,priority
561,246281814,12229.09,17688.18,priority
562,246281816,12186.57,17780.33,priority
563,246281824,12295.23,17555.00,priority
564,246282477,12440.08,17419.11,right_before_left
565,246282478,12505.11,17412.52,right_before_left
566,246282482,12047.13,17678.44,priority
567,246282483,12080.02,17541.77,priority
568,246282613,11976.89,17960.99,priority
569,246282617,11877.44,17826.42,priority
570,246282620,11929.64,17843.03,priority
571,246282621,11943.13,17844.79,priority
572,246282622,11914.67,17931.77,priority
573,246282624,11972.91,17852.47,priority
574,246392709,12233.58,17660.69,right_before_left
575,246564023,13027.45,18030.69,right_before_left
576,246564025,13011.42,18086.07,right_before_left
577,246564028,12980.87,18195.93,priority
578,246564032,12975.93,18147.81,priority
579,246564042,13107.92,18262.26,priority
580,246564050,13111.20,18204.35,priority
581,246564058,13116.81,18181.66,priority
582,246564066,13103.96,18182.09,priority
583,246564074,12964.87,18186.37,right_before_left
584,246564102,12834.42,18246.62,right_before_left
585,246565577,12779.04,18237.82,priority
586,246565582,12699.95,18406.77,right_before_left
587,246565583,12662.36,18374.52,priority
588,246565584,12727.07,18430.03,priority
589,246565764,12759.78,18319.84,priority
590,246565765,12730.90,18294.23,priority
591,246566417,12791.14,18111.21,priority
592,246566418,12735.18,18176.93,priority
593,246566419,12673.35,18239.93,right_before_left
594,246566420,12615.89,18314.74,right_before_left
595,246566421,12536.09,18420.73,priority
596,246566423,12628.44,18200.46,priority
597,246566710,12742.09,18068.20,priority
598,246567030,12901.68,17962.70,priority
599,246567557,12917.49,17779.72,priority
600,246567562,13040.34,17893.20,priority
601,246567565,13113.84,17770.32,priority
602,246567566,13116.55,17850.84,priority
603,246567570,13151.67,17854.74,right_before_left
604,246567571,13139.68,18036.55,right_before_left
605,246568480,12664.87,17443.24,right_before_left
606,246568481,12703.38,17403.33,priority
607,246568486,12783.30,17112.32,priority
608,246568487,12791.90,17365.11,priority
609,246568489,12709.93,17104.38,priority
610,246568490,12668.78,17243.82,priority
611,246568495,12710.00,16932.92,priority
612,246568614,12618.23,16804.90,right_before_left
613,246568616,12447.60,17012.62,priority
614,246626103,12276.36,16041.27,priority
615,246626345,12317.70,16194.00,priority
616,246626346,12366.77,16094.10,priority
617,246648059,14733.46,16337.86,priority
618,246648060,14872.35,16247.08,priority
619,246648061,14873.86,16260.07,priority
620,246705483,11431.93,20021.40,priority
621,246705492,11378.70,20034.28,priority
622,246705493,11400.98,19995.97,priority
623,246763431,13639.64,17217.81,priority
624,246763439,13389.03,17161.40,priority
625,246763440,13617.42,17185.54,priority
626,246763443,13627.37,17116.08,priority
627,246763444,13515.47,17097.38,priority
628,246765659,13107.64,17468.96,priority
629,246765665,13193.73,17442.45,priority
630,246767748,13417.39,17894.01,priority
631,246767749,13567.18,17893.93,priority
632,246767751,13387.31,17891.39,priority
633,246767752,13223.13,17862.68,priority
634,246767754,13234.73,18030.15,right_before_left
635,246767755,13570.22,18011.93,priority
636,246767756,13494.15,17895.69,priority
637,246767757,13497.51,18013.71,priority
638,246767758,13492.94,18196.29,priority
639,246767759,13420.80,18015.60,priority
640,247379907,14057.43,18072.20,traffic_light
641,247379910,14293.53,18337.23,priority
642,247380547,14044.81,17402.32,right_before_left
643,247380550,13965.41,16962.63,right_before_left
644,247380551,14025.02,17209.85,priority
645,247384007,13379.40,16364.12,priority
646,247384008,13358.75,16483.41,priority
647,247384009,13262.47,16266.58,right_before_left
648,247384604,13122.58,16277.53,priority
649,247384609,13127.84,16246.24,priority
650,247385590,14379.01,20117.88,priority
651,248533576,14154.77,15707.68,right_before_left
652,249536381,12959.36,15161.97,priority
653,251487102,10284.97,18307.73,priority
654,252015689,13684.35,17442.41,priority
655,252016108,13738.75,16989.03,right_before_left
656,252016109,13722.79,17002.17,priority
657,252016270,13890.89,17135.31,priority
658,252016271,13798.52,17146.27,priority
659,252016273,13915.61,17389.67,right_before_left
660,252016274,13903.95,17224.77,priority
661,252016275,13837.68,17056.65,priority
662,252016277,13864.09,17035.65,right_before_left
663,252016278,13936.92,16980.58,right_before_left
664,252016280,13948.44,16844.42,priority
665,252016281,13825.06,16882.40,priority
666,252016282,13935.05,16901.31,right_before_left
667,252017008,13645.65,16996.37,priority
668,252017285,13791.17,17242.08,traffic_light
669,252017289,13700.25,17352.03,priority
670,252041405,14010.68,17120.11,right_before_left
671,252046468,13717.25,17233.68,priority
672,252046469,13667.70,17348.43,priority
673,254927717,13528.93,15312.03,priority
674,254927719,13698.43,15405.95,traffic_light
675,254927735,13399.97,15000.67,priority
676,254927737,13512.60,15184.51,traffic_light
677,254927738,13636.09,15014.84,priority
678,254927740,13746.72,15220.74,priority
679,254927745,13574.79,15219.77,traffic_light
680,254927747,13705.70,14988.77,right_before_left
681,254927749,13669.58,15049.46,priority
682,254927750,13643.20,15098.01,priority
683,254927752,13733.82,15112.08,priority
684,254927754,13709.67,15145.80,priority
685,254927756,13634.52,15254.08,traffic_light
686,254927768,13606.23,14980.30,dead_end
687,254927769,13818.23,15192.85,priority
688,254927780,13876.96,15072.95,right_before_left
689,254927821,13852.33,15364.68,priority
690,254927830,13974.70,15189.02,priority
691,254927833,14025.60,15315.63,priority
692,254927837,14101.37,15361.93,priority
693,254927841,14029.47,15008.59,priority
694,254927843,13978.32,15220.31,priority
695,255444820,11551.30,15798.33,priority
696,255445074,11515.98,15820.41,priority
697,2559016209,12577.56,17450.74,right_before_left
698,256160390,13992.47,16716.54,priority
699,256160392,14138.01,16705.11,priority
700,256189180,13853.60,16571.61,priority
701,256189615,14759.32,16435.30,priority
702,256189976,13995.09,17054.48,priority
703,256189977,14085.91,17031.54,priority
704,256189978,14156.22,17014.45,priority
705,256190118,14101.37,17201.47,priority
706,256190139,14191.82,17402.74,priority
707,256190156,14118.44,17402.56,priority
708,256201389,14498.06,17266.64,traffic_light
709,256202095,14384.83,16806.40,priority
710,256202508,14447.49,16732.82,priority
711,256204837,15011.91,16904.08,priority
712,256219814,13525.55,16000.42,priority
713,256219815,13934.04,16154.74,priority
714,256220146,13563.95,16270.89,priority
715,256281021,14153.91,15395.19,priority
716,256281022,14141.28,15097.75,right_before_left
717,256281023,14130.84,14987.18,dead_end
718,256281351,14150.81,15304.70,priority
719,256283656,14298.25,15082.63,priority
720,256283657,14310.61,14998.88,right_before_left
721,256286934,14336.89,15173.53,right_before_left
722,256306057,14037.93,15006.59,traffic_light
723,256306120,14240.57,15188.69,priority
724,256306508,14413.11,15144.13,priority
725,256306509,14480.80,15273.46,right_before_left
726,256306787,14051.37,15844.93,priority
727,256306936,14037.05,15994.65,priority
728,256307032,13793.58,16008.00,right_before_left
729,256308413,13869.79,15693.82,right_before_left
730,256308414,13998.06,15834.57,priority
731,256308993,13940.54,15473.54,priority
732,256308998,13956.40,15485.84,right_before_left
733,256309424,13732.63,15804.76,priority
734,256309724,13879.81,15564.78,priority
735,256481965,14045.57,16235.38,traffic_light
736,256490508,13847.25,16705.38,priority
737,256490868,13835.85,16795.57,priority
738,256492099,14037.21,15048.22,priority
739,256492485,14019.31,15010.72,traffic_light
740,256498355,14093.78,15938.64,priority
741,256498501,14321.84,15972.14,right_before_left
742,256499699,14304.11,15693.51,right_before_left
743,256542200,14181.24,16489.64,right_before_left
744,256543126,14960.32,17275.35,priority
745,256543127,15117.82,17156.84,dead_end
746,256543168,14979.37,17315.36,priority
747,256543169,15002.83,17314.10,priority
748,256561561,13986.19,16628.18,right_before_left
749,256572339,14266.70,15612.29,priority
750,256573596,13981.77,16564.14,priority
751,256676096,14192.97,16617.91,right_before_left
752,256691759,14010.77,15592.18,priority
753,256691909,13870.73,15683.89,right_before_left
754,256693683,13732.54,15414.95,priority
755,256693685,13824.49,15517.23,priority
756,256693781,13972.51,15454.92,priority
757,256694367,13824.34,15931.66,right_before_left
758,256694368,13761.86,16088.52,right_before_left
759,256694645,13854.47,15883.89,right_before_left
760,256694765,13776.77,15902.74,right_before_left
761,256694766,13808.50,15853.73,priority
762,256697209,14393.55,16605.44,right_before_left
763,256697301,14706.60,16375.35,priority
764,256785829,13092.36,15066.48,priority
765,2577262106,12451.64,17825.42,priority
766,257842908,14389.70,15373.66,priority
767,257843788,14373.42,15051.20,priority
768,257843790,14474.50,15017.42,priority
769,257844203,14442.33,15028.93,right_before_left
770,257844206,14408.83,14975.85,dead_end
771,257844207,14492.15,15113.34,priority
772,257844256,14452.58,14958.71,dead_end
773,258346770,13761.00,17496.85,priority
774,258346772,13919.14,17587.35,priority
775,258346773,13912.40,17493.27,right_before_left
776,258346776,13982.09,17491.99,right_before_left
777,258347996,14199.10,17460.28,priority
778,258347997,13912.69,17464.27,right_before_left
779,258347999,13983.82,17552.45,priority
780,258348002,13981.00,17463.26,right_before_left
781,258348232,14050.68,17462.21,right_before_left
782,258348233,14063.80,17549.67,priority
783,258348534,13829.45,17599.66,priority
784,258348535,13840.67,17429.30,priority
785,258349740,14191.90,15489.74,priority
786,258585967,14641.78,17785.13,priority
787,258585968,14638.73,17728.24,priority
788,258585973,14433.20,18069.42,priority
789,258591674,14591.51,18065.85,priority
790,258591675,14589.46,18015.85,priority
791,2590704345,11505.10,17354.68,priority
792,25984814,15021.15,16190.68,dead_end
793,2598485456,12511.75,17407.04,priority
794,2598485464,12495.42,17410.41,priority
795,2598485465,12448.34,17413.67,priority
796,2598485467,12429.52,17414.76,priority
797,25985037,14664.41,15842.12,right_before_left
798,25985039,14670.99,15897.29,priority
799,25997810,14761.00,16287.16,priority
800,25997822,14742.37,16279.15,priority
801,25997827,15004.16,16233.93,priority
802,260462726,10420.61,18501.93,priority
803,26052205,11425.70,14970.53,traffic_light
804,26052238,10984.17,15045.88,right_before_left
805,260543000,12736.16,15807.44,priority
806,26110610,12797.17,15826.58,priority
807,26110613,12459.77,15544.98,traffic_light
808,26110628,11936.75,16575.19,priority
809,26110637,12113.32,15820.17,priority
810,26110642,12884.57,15837.65,traffic_light
811,26110647,12042.89,16469.45,priority
812,26110656,13525.76,16030.33,priority
813,26110664,13545.82,16448.11,priority
814,26110665,13554.00,16395.75,right_before_left
815,26110681,13203.08,16566.14,priority
816,26110683,13167.45,16580.07,priority
817,26110684,13097.04,16565.35,priority
818,26110685,13136.94,16519.99,right_before_left
819,26110686,13170.77,16525.82,priority
820,26110693,13000.65,16537.99,priority
821,26110697,13660.24,16445.68,right_before_left
822,26110699,13658.98,16393.16,right_before_left
823,26110700,13727.53,16390.89,priority
824,26110714,13035.74,16202.12,priority
825,26110715,13131.99,16216.80,priority
826,26110718,13056.74,16110.27,priority
827,26110721,13386.57,15942.11,priority
828,26110729,14266.03,18073.90,traffic_light
829,2615293512,12571.11,15134.06,priority
830,262414234,14778.85,16352.60,priority
831,262631127,10850.93,15250.04,priority
832,2629732678,14566.85,19884.96,priority
833,2629732684,14532.31,19876.81,priority
834,2632541148,10640.01,17509.68,priority
835,2638425434,10918.18,18015.52,priority
836,2645429548,13852.89,15860.71,right_before_left
837,2645669970,12963.59,17804.34,right_before_left
838,2645710032,14884.30,17116.72,priority
839,264845309,13815.17,15372.11,traffic_light
840,264846647,13815.92,15346.88,priority
841,264852762,13968.96,15303.75,priority
842,2652516364,10477.25,16891.09,priority
843,2652516399,10406.10,16930.49,priority
844,2654492188,10382.22,17760.14,priority
845,2654492274,10321.01,17769.97,priority
846,2654492313,10351.37,17771.70,priority
847,2654492379,10238.05,17780.00,priority
848,2654492420,10263.21,17781.87,priority
849,2654492439,10288.57,17782.67,priority
850,2654492694,10188.72,17808.07,priority
851,2654492859,10261.52,17824.97,priority
852,2654492872,10286.88,17826.08,priority
853,2654492910,10318.23,17827.49,priority
854,2654492914,10348.88,17829.13,priority
855,2654492925,10379.13,17830.93,priority
856,2654493115,10222.56,17852.12,priority
857,265581199,11141.91,20032.05,priority
858,265581255,11223.36,19936.85,priority
859,265581257,11198.38,19989.20,priority
860,265587221,11257.39,19954.33,priority
861,265587265,11232.76,20001.04,priority
862,2656660413,10181.06,18605.12,priority
863,265877665,12115.63,15076.63,priority
864,26610813,13728.65,16444.03,right_before_left
865,266115668,12390.68,17002.51,priority
866,266116290,12415.19,16747.67,priority
867,2661896277,11595.69,17988.92,priority
868,266398228,13590.63,18982.83,right_before_left
869,266398230,13575.20,18778.28,right_before_left
870,266398231,13633.47,18624.29,right_before_left
871,266398233,13620.66,18197.73,traffic_light
872,266398238,13753.13,18487.85,right_before_left
873,266398239,13603.37,19260.26,priority
874,266400732,13642.71,18369.17,right_before_left
875,266400733,13578.11,18272.44,priority
876,266400737,13702.69,18299.78,right_before_left
877,266400739,13666.69,18431.51,priority
878,266400740,13652.87,18543.69,priority
879,266404548,13200.15,19533.65,priority
880,266404559,13156.76,19856.96,priority
881,266408708,13143.27,19348.50,right_before_left
882,266408808,13203.31,19678.72,traffic_light
883,266409029,13093.63,19674.52,priority
884,266409032,13076.09,19561.60,priority
885,266570003,13768.80,18137.20,priority
886,266570005,13770.07,18238.22,priority
887,266570006,13723.39,18156.74,priority
888,266570007,13678.88,18176.31,priority
889,266570009,13901.87,18087.55,priority
890,266570011,13883.14,18189.73,priority
891,266570013,13853.61,18102.00,priority
892,266570014,13810.00,18119.10,priority
893,266574870,14519.03,17439.27,priority
894,266576430,14383.38,19216.92,priority
895,266709296,14984.39,17426.35,priority
896,266709711,14896.70,17304.10,traffic_light
897,266709712,14898.61,17317.96,traffic_light
898,266709899,15097.90,17151.86,priority
899,266714877,15038.15,17114.78,dead_end
900,266714893,14876.00,17028.97,priority
901,266715340,15022.24,17004.19,priority
902,2669021239,11595.63,19440.52,priority
903,2669021267,11580.22,19468.28,priority
904,2669021329,11642.27,19498.30,priority
905,2669021353,11560.36,19509.44,priority
906,266999254,14399.64,15811.39,right_before_left
907,2670690414,11226.37,19916.12,priority
908,267098732,11911.87,15055.96,priority
909,2671559719,13415.58,19233.82,priority
910,26715762,13677.77,16802.05,priority
911,26715765,13665.13,16883.97,priority
912,26715772,13733.34,16897.00,priority
913,26716586,13821.79,16906.36,priority
914,26717611,13427.81,16753.24,priority
915,26717892,13652.57,16952.32,priority
916,26717902,13730.26,16964.68,priority
917,26718384,13775.78,17075.35,priority
918,268061678,14124.74,18160.01,priority
919,268082211,14297.94,18383.48,priority
920,268181325,11359.19,19962.19,priority
921,268197981,13712.51,17066.34,priority
922,26820537,13617.41,15145.08,priority
923,26820539,13681.87,15183.74,priority
924,26820631,13887.66,15286.09,priority
925,2694384979,13528.03,15934.34,priority
926,269479384,12492.44,16280.95,priority
927,269483109,12461.24,16352.52,priority
928,26953378,15284.69,18141.93,traffic_light
929,26953383,13575.97,18609.10,right_before_left
930,26953384,13649.73,18628.29,right_before_left
931,26953385,13724.68,18647.17,right_before_left
932,26953389,13644.80,18990.67,right_before_left
933,26953390,13562.02,18977.82,priority
934,26953393,13343.17,18283.70,traffic_light
935,26953396,13319.72,18023.13,traffic_light
936,26953410,13046.57,17518.00,priority
937,26953600,13212.37,18871.80,priority
938,26953604,13199.89,19021.11,priority
939,269593733,14720.55,16440.85,right_before_left
940,269593736,14729.97,16582.20,right_before_left
941,269593737,14743.59,16628.52,priority
942,269593739,14535.51,16568.65,right_before_left
943,269593740,14605.36,16691.24,priority
944,269980359,12700.58,15810.81,priority
945,27102923,11170.53,16043.58,priority
946,27102925,11030.57,16136.61,priority
947,27102927,10842.27,16263.07,priority
948,27102929,10689.55,16361.41,traffic_light
949,27102931,10531.88,16464.69,traffic_light
950,27102933,10496.85,16484.96,priority
951,27183055,14930.91,18795.60,priority
952,27183062,14371.26,19308.25,priority
953,27183073,14769.72,18990.25,priority
954,27188979,13432.40,18233.82,priority
955,27188981,13517.36,18197.51,priority
956,27188982,13495.66,18283.72,priority
957,27188983,13432.02,18267.10,priority
958,27188984,13394.92,18423.22,priority
959,27188985,13456.54,18439.14,priority
960,27188986,13449.74,18468.51,priority
961,27188987,13384.20,18468.13,right_before_left
962,27307858,13612.58,18783.57,right_before_left
963,27307861,13540.33,18773.01,right_before_left
964,27307863,13687.65,18793.96,right_before_left
965,273890272,12847.81,20061.15,priority
966,274331914,14287.03,17397.19,priority
967,274331915,14397.49,17379.11,priority
968,274332037,14349.53,17386.96,priority
969,274333875,14276.68,17316.48,priority
970,274347203,14911.54,17815.61,priority
971,274347459,14843.97,17820.04,priority
972,274347460,14778.25,17823.58,priority
973,274347462,14711.84,17828.18,priority
974,274347585,14781.05,17871.95,priority
975,274347926,14714.40,17882.06,priority
976,274347927,14704.72,17714.66,priority
977,274348253,14846.71,17873.00,priority
978,274353299,14657.34,17350.63,priority
979,276279450,14960.36,18954.39,priority
980,276369724,13856.92,19846.31,priority
981,277346263,14832.00,19314.53,priority
982,277645942,14834.41,16006.46,priority
983,277694457,14836.08,18961.67,traffic_light
984,278557194,14144.50,15205.08,right_before_left
985,278774188,14890.52,18718.52,priority
986,278774222,14867.70,18734.76,priority
987,279030320,14818.08,19014.25,priority
988,279030323,14729.67,19223.63,right_before_left
989,279166996,14937.88,17949.04,traffic_light
990,279166998,14918.88,17955.99,priority
991,279166999,14916.53,17914.03,traffic_light
992,279486640,14956.36,17439.63,priority
993,280120513,14184.47,17335.59,traffic_light
994,280128714,14784.59,16538.57,priority
995,280950258,14435.94,15775.91,priority
996,280950263,14589.15,15713.01,right_before_left
997,282202440,12822.22,20056.40,priority
998,282202991,12988.25,19967.85,priority
999,282203649,13077.63,19993.93,priority
1000,282204516,13114.20,20010.84,priority
1001,282204517,13137.87,19948.44,priority
1002,283884685,13909.31,15520.16,priority
1003,283884732,13896.88,15505.79,right_before_left
1004,285680227,14640.64,16390.77,priority
1005,286577987,13469.21,19215.37,priority
1006,286939927,12316.14,18611.51,priority
1007,286939928,12296.96,18602.58,priority
1008,286940141,12328.81,18564.12,priority
1009,286940513,12308.45,18746.56,priority
1010,286943716,13194.17,17780.34,priority
1011,286944049,12917.56,17477.81,priority
1012,286966148,12294.78,16899.36,traffic_light
1013,287146829,13372.22,16651.78,priority
1014,287146831,13359.92,16598.31,priority
1015,287544710,10809.87,20003.12,priority
1016,287544712,10659.72,20045.97,priority
1017,287544818,10734.47,19964.06,priority
1018,287549078,11007.47,19497.44,priority
1019,287589410,13362.32,19624.35,priority
1020,289512436,13189.13,15110.88,priority
1021,289900342,12743.29,19235.44,priority
1022,289900830,12819.00,19281.15,priority
1023,289901418,13163.81,19259.61,right_before_left
1024,289901789,12908.79,19158.87,priority
1025,289901790,12864.49,19117.91,priority
1026,289901823,12965.13,19185.35,priority
1027,289901852,12996.44,19316.76,priority
1028,289901901,13041.80,19223.49,priority
1029,289904000,13229.06,19302.33,priority
1030,289904649,13305.61,19292.93,priority
1031,289904663,13319.86,19256.28,priority
1032,289904664,13329.29,19228.00,priority
1033,289905133,13410.23,18857.78,priority
1034,289905355,13289.90,18998.36,priority
1035,2899693424,10190.42,19850.59,priority
1036,2899693425,10226.79,19824.67,priority
1037,290143898,11920.14,16492.08,priority
1038,29220504,11615.15,15701.59,priority
1039,292826795,14512.89,15365.56,priority
1040,2929189681,13150.69,19316.40,priority
1041,2929189684,13079.21,19295.69,right_before_left
1042,2929189685,13074.27,19317.81,priority
1043,2929191109,13083.10,19277.65,priority
1044,294223020,13673.67,17866.30,priority
1045,294226362,13658.57,17930.05,priority
1046,295101950,14792.32,19315.80,priority
1047,295101954,14797.43,19098.47,priority
1048,295101955,14824.58,19131.70,priority
1049,295101956,14794.19,19122.88,right_before_left
1050,295101961,14662.01,19423.94,priority
1051,295101991,14648.98,19602.86,priority
1052,295101992,14655.15,19562.52,priority
1053,295101994,14655.29,19632.32,priority
1054,295102013,14513.14,19364.69,priority
1055,295102017,14400.50,19415.23,priority
1056,295102019,14730.75,19445.27,priority
1057,295102028,14406.62,19494.40,priority
1058,295102034,14586.57,19678.07,priority
1059,295102040,14562.17,19805.58,priority
1060,295102042,14555.91,19849.18,priority
1061,295102066,14431.17,19803.50,priority
1062,295102067,14412.24,19526.97,priority
1063,295102072,14306.35,19889.91,priority
1064,295102075,14296.26,20038.61,right_before_left
1065,295102085,14345.70,19980.54,priority
1066,295102091,14351.22,19961.27,priority
1067,295102218,14918.12,18958.30,traffic_light
1068,295145692,14730.86,18904.08,priority
1069,295150962,14297.84,19252.97,priority
1070,295151929,14201.02,19211.68,priority
1071,295482288,11375.29,15600.00,priority
1072,295482316,11807.45,15651.08,priority
1073,2971773875,14086.18,16709.64,right_before_left
1074,2979782305,14670.09,18555.92,right_before_left
1075,2992529121,14130.97,16666.13,priority
1076,2992529122,14144.62,16758.12,priority
1077,2993819610,13981.86,16024.61,priority
1078,2997345080,13276.66,16790.64,priority
1079,3008488927,13890.58,16349.56,priority
1080,3008488932,13821.11,16523.13,priority
1081,3008493033,13793.75,16561.71,priority
1082,3008493036,13853.02,16600.59,priority
1083,3008854750,14164.80,17109.23,priority
1084,3022958022,14009.23,15919.51,priority
1085,302370855-AddedOffRampNode,10171.04,19899.21,priority
1086,302939775,14616.88,18390.99,right_before_left
1087,304328707,13003.60,17869.87,priority
1088,3066292529,9997.62,20100.62,dead_end
1089,3071484188,14395.90,19362.15,priority
1090,3071484194,14396.81,19334.57,dead_end
1091,308322661,13580.27,16019.39,priority
1092,308322665,13575.85,15810.26,priority
1093,308322671,13252.95,15689.36,priority
1094,308326624,13654.85,15854.27,right_before_left
1095,308326629,13678.69,15868.55,right_before_left
1096,308326646,13633.64,15897.45,right_before_left
1097,308326651,13615.32,15939.88,priority
1098,308484378,13864.90,15394.93,priority
1099,310399930,14463.11,15861.65,right_before_left
1100,310458128,14818.31,15629.35,priority
1101,310458129,14723.93,15907.76,priority
1102,310458131,14851.76,15713.85,priority
1103,310458132,14869.26,15729.96,priority
1104,310458134,14869.85,15984.14,priority
1105,310458135,14716.58,15922.29,priority
1106,310458136,14888.56,15718.18,priority
1107,310458137,14867.32,15691.49,traffic_light
1108,310459901,14711.45,16032.23,right_before_left
1109,310459902,14701.68,15953.53,right_before_left
1110,310541110,14609.13,15696.29,right_before_left
1111,310616407,13781.51,15664.69,right_before_left
1112,310616518,13674.96,15638.17,traffic_light
1113,310652079,14574.66,15943.17,right_before_left
1114,310652104,14575.77,16070.84,right_before_left
1115,310652705,14644.41,15928.09,right_before_left
1116,310652927,14642.84,16052.82,right_before_left
1117,310653226,14718.40,15940.35,priority
1118,310675611,14272.56,16095.69,right_before_left
1119,310676451,14145.93,16053.22,priority
1120,310676548,14267.73,16109.39,right_before_left
1121,310742819,14304.33,15664.36,priority
1122,311100324,13852.76,15861.25,priority
1123,311127914,14003.74,15518.08,traffic_light
1124,311149240,13507.34,15995.22,priority
1125,311149242,13466.42,15988.76,priority
1126,311154219,13963.99,16199.75,priority
1127,311154429,13929.93,16211.27,traffic_light
1128,311558625,13527.09,16123.75,priority
1129,311563200,13508.22,16120.19,priority
1130,311565736,13879.25,15704.14,priority
1131,311565998,13882.86,15686.79,priority
1132,311566116,13872.75,15666.28,priority
1133,311574975,14475.05,16114.05,right_before_left
1134,311575731,14517.15,16107.56,priority
1135,311577726,14677.24,15865.42,priority
1136,311577758,14691.27,15907.81,priority
1137,311578845,14678.17,15427.56,priority
1138,311626777,15046.48,16128.25,priority
1139,311638941,14380.64,15052.80,priority
1140,311643465,14386.50,15154.30,traffic_light
1141,312968036,9974.51,19115.25,priority
1142,312968038,10097.19,19052.94,priority
1143,31310346,14428.36,15810.20,right_before_left
1144,313586,14867.14,16006.72,priority
1145,313587,14849.73,16034.72,traffic_light
1146,313593,15056.25,16097.65,dead_end
1147,313605,14127.91,16283.61,priority
1148,315118776,14970.29,18076.26,priority
1149,315372838,13911.88,17314.48,right_before_left
1150,315373118,14035.86,17310.22,right_before_left
1151,315504028,13276.07,18627.13,priority
1152,315504043,13301.91,18429.01,priority
1153,315560202,13630.96,18047.35,priority
1154,317006543,14111.24,16554.29,priority
1155,317485142,10510.55,17805.92,priority
1156,318254927,13333.68,19435.31,traffic_light
1157,318256601,13227.83,19691.90,priority
1158,318256844,13212.08,19728.69,priority
1159,318258236,13544.59,19247.02,traffic_light
1160,318258274,13491.34,19228.56,priority
1161,318258444,13398.49,19160.62,priority
1162,318259492,13211.31,18925.62,priority
1163,318261702,14385.75,19233.93,priority
1164,318448730,13048.64,16149.11,priority
1165,318448827,13185.99,16178.27,priority
1166,318448828,13174.63,16253.44,priority
1167,31919968,11410.20,15273.05,right_before_left
1168,31920001,11197.03,15113.81,traffic_light
1169,31920027,11234.37,15143.94,right_before_left
1170,31920049,11293.59,15357.23,priority
1171,31920054,11159.94,15306.40,priority
1172,31920059,11220.50,15260.72,priority
1173,3195879663,11843.94,16410.49,priority
1174,3195879664,11881.37,16438.36,priority
1175,3196028794,12205.62,16748.78,priority
1176,3196028797,12377.89,16788.07,priority
1177,320704986,14832.94,16188.77,priority
1178,320715969,14670.21,16368.62,priority
1179,320717227,14567.61,16408.36,priority
1180,320755686,12476.15,15486.07,priority
1181,32248890,11433.07,15693.89,priority
1182,32248898,11356.06,15610.11,priority
1183,32248901,11476.76,15534.29,priority
1184,32248902,11524.02,15628.72,priority
1185,32248904,11567.43,15468.97,priority
1186,32248907,11667.54,15371.70,priority
1187,32248908,11611.36,15279.21,priority
1188,32248910,11741.56,15298.35,priority
1189,32248912,11688.47,15234.50,priority
1190,32248913,11822.48,15270.80,priority
1191,32248914,11774.40,15182.90,priority
1192,32248916,11838.49,15147.91,priority
1193,32248922,11935.24,15308.47,priority
1194,32248923,11886.08,15355.87,priority
1195,32248926,11837.68,15404.19,priority
1196,32248928,11797.69,15441.13,priority
1197,32248929,11766.00,15480.42,priority
1198,32248931,11684.31,15604.69,right_before_left
1199,32248932,11587.28,15557.66,right_before_left
1200,32248934,11672.32,15479.68,priority
1201,32248935,11621.44,15415.34,priority
1202,32248947,11439.14,15258.50,priority
1203,32248956,11976.72,15476.96,priority
1204,32248957,11709.96,15063.55,right_before_left
1205,32248960,11798.03,15446.81,priority
1206,32248962,12030.06,15441.68,priority
1207,32319044,13805.03,16541.78,priority
1208,32319828,13831.28,16834.98,traffic_light
1209,32319829,13734.18,16813.85,priority
1210,32319919,13156.26,17320.79,priority
1211,32319927,13505.82,17169.57,priority
1212,32319930,13481.21,17352.06,priority
1213,3239863991,12161.74,16693.14,priority
1214,3239864011,12191.73,16732.21,priority
1215,324292439,12603.93,18304.39,dead_end
1216,324292440,12585.87,18288.75,dead_end
1217,324292441,12566.78,18272.23,priority
1218,32523606,13594.93,18201.64,traffic_light
1219,32523607,13472.78,18762.81,priority
1220,32524344,13940.26,16176.58,priority
1221,32524496,13856.21,15847.17,priority
1222,32524506,14021.66,15711.48,traffic_light
1223,32524672,13534.30,15903.45,priority
1224,32524673,13525.50,16018.41,priority
1225,32524963,13936.70,16188.55,priority
1226,32525177,14103.19,16495.36,traffic_light
1227,32525722,13857.04,16440.92,priority
1228,32543883,13986.35,15291.00,priority
1229,32543885,13953.67,15026.12,priority
1230,32543886,13943.31,14917.64,dead_end
1231,3281075629,11966.55,15505.97,priority
1232,3281192615,10212.66,18992.15,priority
1233,3281968477,12041.09,14985.92,dead_end
1234,3281989485,12043.15,14962.95,dead_end
1235,32857243,12120.89,15057.97,traffic_light
1236,32857244,12526.74,15123.67,priority
1237,328980686-AddedOffRampNode,11259.65,18118.01,priority
1238,3292335093,12208.23,15191.64,priority
1239,3292335094,12245.38,15213.11,priority
1240,3292335095,12384.33,15225.50,priority
1241,32949994,12966.08,14889.73,dead_end
1242,32950045,13194.64,15023.11,priority
1243,32950124,13214.96,15011.33,priority
1244,32995297,13406.27,16870.50,priority
1245,32995341,13458.34,16587.03,right_before_left
1246,32995371,13495.77,16383.30,right_before_left
1247,32995372,13473.90,16502.36,priority
1248,32995902,13613.94,15726.53,traffic_light
1249,32996237,13056.24,16429.63,priority
1250,32996245,13249.01,16341.94,right_before_left
1251,32996247,13435.47,16373.72,right_before_left
1252,32996267,13414.97,16492.98,right_before_left
1253,32996272,13379.92,16487.19,priority
1254,33019119,12721.30,14835.14,dead_end
1255,33021536,12367.31,14796.62,dead_end
1256,3302156367,14377.08,17055.84,priority
1257,3302156368,14401.21,17186.72,priority
1258,3302156369,14506.15,17166.00,priority
1259,3302156371,14482.21,17036.07,priority
1260,3302156372,14389.71,17124.25,priority
1261,3302156373,14494.68,17104.55,priority
1262,3302422971,14430.91,16879.12,right_before_left
1263,3302422973,14550.66,17156.41,priority
1264,3302422974,14540.44,17095.96,priority
1265,3302422975,14528.83,17027.30,priority
1266,3302422976,14312.27,17309.06,priority
1267,3302422977,14259.52,16913.89,priority
1268,3302422978,14505.61,16866.45,priority
1269,3302422981,14465.27,16944.15,priority
1270,3302422983,14280.85,17073.95,priority
1271,3302422984,14296.05,17207.33,priority
1272,3304200715,14513.87,16937.03,priority
1273,330971990,13524.59,18510.02,priority
1274,3324825300,10083.58,19973.87,priority
1275,3329935579,13565.01,17528.89,priority
1276,3333948277,12537.11,15595.23,priority
1277,3334021231,13717.88,19979.85,priority
1278,3334181781,11068.13,17949.98,priority
1279,3334219176,10109.76,19693.45,priority
1280,3337947996,10425.28,16320.04,priority
1281,3357987056,11845.15,16761.01,priority
1282,3357987057,11721.07,16976.95,priority
1283,3357987058,11218.34,18218.68,priority
1284,3398284618,10166.73,19306.26,priority
1285,34028689,10644.10,15639.93,priority
1286,34028716,10395.71,15837.00,priority
1287,34028719,10473.31,15839.37,priority
1288,34028725,10420.11,16131.38,priority
1289,34028726,10312.65,16018.28,priority
1290,34028728,10226.01,15978.95,priority
1291,34028730,10157.26,15970.38,right_before_left
1292,34028731,10088.77,16007.18,priority
1293,34028732,10158.39,15789.21,right_before_left
1294,34028738,9977.30,15845.10,priority
1295,34079191,11259.68,15930.33,priority
1296,34079199,11140.96,15748.70,priority
1297,34079214,11081.35,15790.76,right_before_left
1298,34079219,11016.82,15834.53,priority
1299,34079224,10932.83,15891.22,right_before_left
1300,34079229,10861.50,15940.52,priority
1301,34079251,10758.64,16056.47,right_before_left
1302,34079280,10926.97,16205.91,priority
1303,34079290,10732.61,16098.14,priority
1304,34079298,10619.27,16282.43,right_before_left
1305,34079314,10935.98,15737.96,traffic_light
1306,34079439,10476.94,16097.99,priority
1307,34079445,10347.57,16172.46,priority
1308,34079452,11098.78,15946.85,right_before_left
1309,34079459,11014.59,16005.46,priority
1310,34079466,10964.23,16036.90,priority
1311,34079474,10844.91,16130.61,right_before_left
1312,34079490,10494.28,16132.95,right_before_left
1313,34079493,10565.30,16216.37,priority
1314,34079503,10408.75,16294.70,priority
1315,34212098,12318.48,15351.14,priority
1316,34212112,12267.76,15386.91,priority
1317,34212193,12320.71,15664.09,priority
1318,34212220,12269.62,15628.05,right_before_left
1319,34212234,12219.97,15587.25,priority
1320,34212250,12177.84,15532.86,priority
1321,34212275,12168.46,15658.61,priority
1322,34212318,12198.11,15745.04,priority
1323,34212426,12112.62,15616.09,priority
1324,34212435,12007.84,15477.40,priority
1325,34212538,11776.59,15647.03,priority
1326,3424855727,10441.19,17390.27,priority
1327,34482646,11684.07,15834.72,priority
1328,34482657,12194.87,15792.94,priority
1329,34482664,11570.16,15905.51,priority
1330,3452173675,10224.81,16220.01,priority
1331,3452312336,11267.25,17627.77,priority
1332,3452312539,11577.96,17932.25,priority
1333,3452312562,10971.28,18027.91,priority
1334,3452312573,11575.36,18075.12,priority
1335,3469626071,10982.26,15340.25,priority
1336,3469981818,10904.14,15486.22,right_before_left
1337,3474691782,10708.44,14998.68,priority
1338,350045877,12821.72,17435.29,priority
1339,3507756723,13423.71,18865.34,priority
1340,353115081,14663.32,19419.98,priority
1341,3531830379,13466.03,18810.61,priority
1342,3531830381,13447.03,19109.19,right_before_left
1343,3531830382,13346.09,19418.89,priority
1344,3531830383,13072.53,20003.96,priority
1345,3555758982,13341.85,18255.03,priority
1346,3561538953,10167.16,19157.91,priority
1347,3588475451,14523.37,17259.48,priority
1348,359083,11176.13,15475.54,traffic_light
1349,359084,11163.05,15494.37,traffic_light
1350,359330204,13229.68,17392.68,priority
1351,359544,11017.80,15303.95,traffic_light
1352,359545,11036.06,15283.73,traffic_light
1353,359930,11282.66,15058.23,traffic_light
1354,359934,11648.11,14815.41,dead_end
1355,359935,11238.07,15410.02,right_before_left
1356,359938,11549.73,15174.49,priority
1357,359940,11765.86,15023.00,traffic_light
1358,359941,11905.58,14927.34,priority
1359,359979,11965.70,16544.91,priority
1360,359990,11665.83,16201.87,traffic_light
1361,359992,11614.40,16123.18,traffic_light
1362,359993,11594.24,16137.25,traffic_light
1363,359994,11571.90,16060.75,traffic_light
1364,359995,11552.04,16074.90,traffic_light
1365,359996,11495.59,15950.03,traffic_light
1366,359997,11480.72,15958.73,traffic_light
1367,360012,10994.28,15675.44,right_before_left
1368,360014,10940.23,15382.00,traffic_light
1369,360015,10871.26,15438.13,priority
1370,360016,10800.75,15490.25,priority
1371,36141213,11540.12,16013.16,priority
1372,36141214,11726.39,15901.59,priority
1373,36141215,11756.02,15949.15,priority
1374,36141216,11795.08,16012.61,priority
1375,36141217,11843.50,16086.51,priority
1376,36141219,11815.02,16043.73,priority
1377,36141220,11918.27,15987.43,priority
1378,36141223,11753.74,15770.30,priority
1379,36141227,11759.60,15735.24,priority
1380,36141228,11945.56,15846.76,priority
1381,36141230,12010.64,16114.83,right_before_left
1382,36141232,11773.39,15975.91,priority
1383,3616063556,11694.64,18422.93,priority
1384,366561024,13013.57,16255.93,priority
1385,366579933,12577.60,16871.62,priority
1386,366579934,12621.36,16897.26,priority
1387,366680900,14700.45,18746.69,right_before_left
1388,366680902,14713.35,18684.12,priority
1389,366682452,14767.37,18776.83,right_before_left
1390,366682453,14779.45,18710.72,priority
1391,366682455,14821.93,18720.84,priority
1392,366683201,14638.30,19015.10,priority
1393,366686316,14361.07,19025.52,priority
1394,366686317,14546.59,19019.70,priority
1395,366686318,14443.82,19021.62,priority
1396,366686322,14499.75,18887.99,priority
1397,366686326,14527.90,19019.91,priority
1398,366698447,14492.34,18722.02,priority
1399,366701269,14490.86,18677.10,priority
1400,366701270,14518.63,18623.13,priority
1401,366701274,14484.46,18627.89,right_before_left
1402,366701275,14448.53,18629.59,right_before_left
1403,366701276,14454.43,18676.22,priority
1404,366704032,14468.41,18519.17,priority
1405,366704040,14314.64,18552.16,priority
1406,366704466,14312.29,18530.28,priority
1407,366704472,14398.70,18543.77,right_before_left
1408,366705903,14412.76,18631.56,right_before_left
1409,366705904,14423.99,18728.84,priority
1410,3667506488,13498.37,19218.61,priority
1411,3668362970,10468.80,15677.76,priority
1412,3679193830,11748.64,16354.82,priority
1413,367944291,14555.56,15206.80,priority
1414,36832212,12317.25,15257.60,traffic_light
1415,36834889,11260.15,15071.85,priority
1416,38443756,12110.07,16106.04,priority
1417,38443758,12094.11,16099.35,priority
1418,38443762,12058.20,16563.47,traffic_light
1419,38443766,11985.49,16613.43,priority
1420,38443846,11277.99,17690.86,traffic_light
1421,38443853,11310.85,17941.27,priority
1422,38443859,11237.12,17782.26,priority
1423,38443860,11197.58,17784.14,priority
1424,38443861,11242.76,17732.29,priority
1425,38443862,11248.53,17778.93,priority
1426,387745129,11254.09,15168.85,priority
1427,388561089,14361.50,16755.37,right_before_left
1428,391299903,11629.61,16535.54,priority
1429,394001227,14885.77,17137.81,traffic_light
1430,394001505,14865.75,17142.80,traffic_light
1431,395576169,14922.93,18071.21,traffic_light
1432,39579178,10922.87,15095.79,priority
1433,396961,12417.40,15412.01,priority
1434,396964,12432.68,15473.30,priority
1435,396970,12715.46,15787.88,priority
1436,396971,12761.12,15820.25,priority
1437,396979,12675.54,15584.82,priority
1438,396989,13414.33,15960.77,priority
1439,396990,13507.38,16010.18,priority
1440,396991,13507.67,16021.56,priority
1441,396996,13929.39,16172.65,priority
1442,397006,14777.36,16311.86,priority
1443,39912162,11095.55,15221.25,priority
1444,40861526,11892.54,15242.03,priority
1445,40867755,12719.86,15767.94,priority
1446,41003123,12102.86,15732.86,priority
1447,41003127,12251.92,15750.66,priority
1448,41003136,12341.96,15356.63,traffic_light
1449,41008179,12138.03,16100.15,priority
1450,41010022,12248.03,15801.57,priority
1451,41011058,11729.48,16295.83,priority
1452,41011061,11911.57,16187.64,priority
1453,41011063,12055.10,16075.50,priority
1454,411714656,12074.93,15921.86,priority
1455,411714666,12235.57,16017.63,priority
1456,411726925,12297.32,15818.02,traffic_light
1457,419029766,9901.54,16253.08,priority
1458,423154,9842.03,15058.24,traffic_light
1459,423161,9923.66,15783.88,priority
1460,423164,10090.70,16034.02,priority
1461,423166,10213.69,16221.23,traffic_light
1462,423175,10896.45,17173.73,priority
1463,423184,10531.02,15508.46,priority
1464,423185,10499.77,15608.42,priority
1465,423207,10224.48,16237.35,traffic_light
1466,423208,10219.16,16210.38,priority
1467,428469518,11186.24,16220.82,priority
1468,429505387,11235.23,16310.58,priority
1469,436194568,11590.85,17954.17,priority
1470,436194569,11585.27,17970.89,priority
1471,436194580,11295.02,18066.62,priority
1472,449224,14027.41,15487.02,priority
1473,449249,14013.00,15409.58,priority
1474,449262,13124.65,14979.14,dead_end
1475,449861,11233.40,16000.29,priority
1476,453611620,13467.42,16243.62,priority
1477,457873,12431.02,15536.61,priority
1478,457886,12498.78,15446.73,priority
1479,457887,12430.63,15515.89,priority
1480,457897,10113.17,19945.74,priority
1481,457908,11195.28,18304.86,priority
1482,457912,11364.82,17845.22,priority
1483,457915,11521.06,17335.36,priority
1484,457916,11490.23,17442.99,priority
1485,457921,11832.88,16791.99,priority
1486,457923,12085.76,16184.01,priority
1487,457924,12063.90,16191.46,priority
1488,457932,11551.01,17886.43,priority
1489,457933,11446.67,17782.64,priority
1490,457935,11359.32,17710.65,priority
1491,457936,11357.44,17693.19,priority
1492,457937,11272.18,17633.92,traffic_light
1493,457948,11475.45,17419.58,priority
1494,457953,11364.74,17748.24,priority
1495,457954,11294.23,18024.20,priority
1496,457955,11405.07,17730.18,priority
1497,457961,11421.77,17656.11,priority
1498,457990,12662.21,15031.11,priority
1499,458025,11849.42,15570.94,priority
1500,458602896,13202.30,15027.67,priority
1501,458602898,13179.09,14988.28,dead_end
1502,458603536,13233.98,15023.65,priority
1503,459030231,10179.91,17755.30,priority
1504,466438021,10040.74,16063.78,priority
1505,474277,13504.86,20240.71,dead_end
1506,474316,14858.09,16020.79,traffic_light
1507,474320,14857.98,16001.51,priority
1508,474321,14848.83,16015.46,priority
1509,474323,14828.49,16002.76,priority
1510,474334,14447.38,15767.93,priority
1511,474339,14230.73,15592.81,traffic_light
1512,474342,14183.00,15526.66,priority
1513,474459,13206.28,15005.71,traffic_light
1514,476180,13452.90,18942.95,priority
1515,476184,13639.98,18010.21,priority
1516,476189,13810.68,16999.70,priority
1517,476312432,11445.46,16144.93,priority
1518,482056696,12694.11,17473.69,right_before_left
1519,482056698,12736.76,17434.37,priority
1520,482752587,12954.40,18804.51,priority
1521,497798025,11375.93,16676.71,priority
1522,51232058,10283.07,15849.53,priority
1523,51232066,10694.02,15953.07,priority
1524,51233306,10896.87,15781.05,priority
1525,51233307,10776.86,15911.68,right_before_left
1526,512505737,12370.04,15321.44,priority
1527,51452708,14884.87,18794.79,priority
1528,51452725,13987.65,15468.29,priority
1529,52149756,13452.77,16617.37,priority
1530,52149757,13142.20,16445.00,right_before_left
1531,52149759,13074.18,16324.67,right_before_left
1532,52149760,13162.17,16327.34,priority
1533,52149761,13224.30,16459.94,right_before_left
1534,52155612,11395.57,16010.81,right_before_left
1535,52155619,11304.85,16064.82,right_before_left
1536,52155641,11208.12,16139.10,priority
1537,52155651,11115.02,16137.12,priority
1538,52155654,11152.71,16056.21,traffic_light
1539,52155660,11189.12,16031.01,traffic_light
1540,52155664,11264.99,15980.05,traffic_light
1541,52155668,11343.41,15929.63,priority
1542,52155672,11517.30,16014.75,priority
1543,52155686,11433.98,16068.51,priority
1544,52155690,11407.83,16085.18,priority
1545,52155697,11335.78,16129.60,priority
1546,52155706,11471.98,16125.11,right_before_left
1547,52155755,11392.00,16260.50,priority
1548,52155761,11455.71,16222.83,priority
1549,52155780,11508.23,16338.29,right_before_left
1550,52155781,11486.40,16342.18,right_before_left
1551,52155786,11435.81,16353.29,priority
1552,52155801,11389.08,16473.05,priority
1553,52155807,11412.79,16484.42,priority
1554,52155811,11379.71,16523.50,priority
1555,52155814,11321.58,16620.35,right_before_left
1556,52155819,11505.83,16436.81,priority
1557,52155821,11587.22,16502.92,priority
1558,52155822,11518.75,16456.41,priority
1559,52155828,11417.85,16618.02,priority
1560,52155842,11333.98,16635.61,right_before_left
1561,52155855,11483.12,16660.36,priority
1562,52155861,11552.76,16705.88,priority
1563,52155868,11568.81,16716.67,priority
1564,52155874,11596.11,16677.56,priority
1565,52155878,11579.59,16666.37,priority
1566,52155889,11732.65,16465.04,priority
1567,52155891,11921.23,16529.89,priority
1568,52155897,11870.35,16592.09,priority
1569,52155900,11755.49,16599.27,priority
1570,52155904,11810.81,16631.29,priority
1571,52155909,11831.70,16643.26,priority
1572,52155921,11798.96,16650.30,priority
1573,52155934,11727.95,16764.80,priority
1574,52155938,11668.58,16724.27,priority
1575,52155942,11526.16,16784.48,priority
1576,52155947,11595.27,16833.72,priority
1577,52155953,11658.49,16880.04,priority
1578,52155978,11615.23,16526.28,priority
1579,52689509,11194.27,16677.26,priority
1580,52689539,10951.56,17074.01,priority
1581,52689551,10884.35,17163.19,priority
1582,52689638,10916.89,17004.80,priority
1583,52689641,10964.42,16980.24,priority
1584,52689677,11101.98,16682.36,priority
1585,52689698,11155.85,16499.65,priority
1586,52689702,11249.31,16435.64,priority
1587,52689708,11050.56,16564.79,priority
1588,52689771,10876.64,16239.49,traffic_light
1589,52689803,11026.09,16343.44,priority
1590,529111720,14413.69,16852.61,right_before_left
1591,529111723,14452.71,16875.94,priority
1592,529111724,14268.71,16911.78,right_before_left
1593,529111725,14263.31,16881.19,right_before_left
1594,529111726,14446.10,16726.30,right_before_left
1595,529111727,14500.18,16722.08,priority
1596,529113185,14662.34,16595.88,right_before_left
1597,529113186,14683.08,16678.06,priority
1598,529113187,14606.63,16492.87,right_before_left
1599,529493769,14341.64,18828.47,priority
1600,529493774,14455.78,18805.52,priority
1601,529493775,14470.06,18852.67,priority
1602,529493779,14521.46,18777.36,priority
1603,53214818,10704.18,15971.98,traffic_light
1604,53214821,10370.27,15892.32,priority
1605,53215703,10306.62,16345.24,priority
1606,53215704,10423.94,16521.16,traffic_light
1607,53215716,10232.77,16233.24,traffic_light
1608,53861472,11085.12,16099.73,priority
1609,53862128,11796.21,16402.86,priority
1610,548138722,13152.98,17048.41,priority
1611,55175491,11238.24,16293.85,priority
1612,553323619,10455.24,15605.30,priority
1613,561152857,10951.30,15191.49,priority
1614,573820373,10001.47,16339.10,priority
1615,573820378,10046.78,16341.43,priority
1616,585610,14467.45,15965.91,right_before_left
1617,585611,14799.48,16009.84,right_before_left
1618,585613,14806.33,15988.91,priority
1619,585618,14473.33,16093.28,right_before_left
1620,585621,14657.15,15924.66,priority
1621,585623,14458.19,15821.69,right_before_left
1622,585626,14334.51,16101.21,right_before_left
1623,585628,14150.53,16041.47,priority
1624,588115193,14471.83,18797.78,priority
1625,59773209,13299.50,19117.73,priority
1626,598639605,10009.58,18735.93,priority
1627,598639613,10070.38,18968.90,priority
1628,598640460,9927.06,18825.23,priority
1629,598640475,10041.94,18947.98,priority
1630,60220297,11561.55,17039.75,priority
1631,60220298,11524.45,17097.41,priority
1632,60220299,11621.85,17075.75,priority
1633,60220310,11507.59,17101.47,priority
1634,60220311,11478.72,17077.12,priority
1635,60220312,11448.85,17057.76,priority
1636,60220317,11516.51,17010.29,priority
1637,60220320,11418.72,16949.86,right_before_left
1638,60220321,11474.47,16861.70,right_before_left
1639,60220322,11427.19,16828.89,priority
1640,60220323,11373.78,16785.76,right_before_left
1641,60220324,11269.35,16717.30,right_before_left
1642,60220325,11251.49,16754.12,priority
1643,60220329,11290.57,16856.77,priority
1644,60220338,11333.99,16994.43,priority
1645,60220339,11394.25,17029.45,right_before_left
1646,60220350,11251.14,16976.61,right_before_left
1647,60220357,11165.05,16992.74,priority
1648,60220365,11316.25,17180.80,right_before_left
1649,60220368,11378.65,17240.18,right_before_left
1650,60220369,11354.86,17279.31,right_before_left
1651,60220370,11333.50,17314.47,right_before_left
1652,60220371,11284.35,17390.38,right_before_left
1653,60220372,11232.76,17463.56,right_before_left
1654,60220373,11180.04,17528.98,priority
1655,60220379,11059.12,17254.24,right_before_left
1656,60220380,11151.00,17238.31,right_before_left
1657,60220383,11235.06,17218.26,right_before_left
1658,60220386,11274.07,17201.14,right_before_left
1659,60220390,11407.56,17606.26,priority
1660,60257224,11400.91,17140.06,right_before_left
1661,606172106,11250.96,14863.82,dead_end
1662,606172107,11108.58,14941.78,right_before_left
1663,622152048,14838.29,17542.64,priority
1664,622152060,14730.99,17494.19,right_before_left
1665,622152071,14829.09,17438.45,right_before_left
1666,62423844,13212.79,17787.73,priority
1667,62426694,14172.42,17193.44,traffic_light
1668,62428837,13998.36,16799.35,right_before_left
1669,62428912,14001.51,16850.89,priority
1670,626030717,14821.97,16783.53,traffic_light
1671,626052090,14865.01,17126.22,priority
1672,626938648,10336.69,20026.44,priority
1673,626958371,14418.93,16694.10,right_before_left
1674,626992662,15316.75,18309.85,priority
1675,627050031,12795.12,17453.85,priority
1676,627061721,12921.20,17454.69,priority
1677,627983273,14893.18,18692.81,priority
1678,628016631,14903.79,17385.98,priority
1679,629358346,13392.42,17103.69,priority
1680,629539735,13560.48,16044.50,priority
1681,629539736,13525.84,16067.39,traffic_light
1682,633567397,12755.69,18507.41,priority
1683,643870703,14889.11,18735.71,priority
1684,647089932,11400.80,15892.45,priority
1685,647089974,11405.31,15856.82,traffic_light
1686,647103156,12202.63,15340.95,priority
1687,647739843,12343.45,15251.10,priority
1688,647739850,12332.32,15247.20,priority
1689,648517503,12643.35,15565.58,priority
1690,648524826,11395.58,15249.09,priority
1691,648524853,11319.05,15106.15,priority
1692,650768197,12955.31,16347.20,priority
1693,650768286,12906.55,16353.82,priority
1694,65186723,13365.36,18570.85,right_before_left
1695,65186775,13175.52,18808.96,priority
1696,65186802,12922.96,19069.00,priority
1697,652786249,14285.83,17489.29,priority
1698,652786250,14362.47,17467.59,priority
1699,652786251,14364.78,17481.95,priority
1700,652786252,14284.05,17478.76,priority
1701,652791048,14588.95,17240.93,priority
1702,653917515,11674.05,17967.90,priority
1703,653950096,10514.15,15576.95,priority
1704,653950097,10478.70,15598.12,priority
1705,654454071,14729.37,18274.70,priority
1706,654454072,14789.85,18288.72,right_before_left
1707,654454076,14851.73,18303.35,priority
1708,654454101,14800.93,18120.32,priority
1709,656475225,14367.48,18365.93,right_before_left
1710,656475231,14363.53,18402.11,priority
1711,659553719,13706.70,19282.64,priority
1712,659558072,13031.94,18951.07,priority
1713,659558074,13031.64,18964.99,priority
1714,660192262,11676.05,18105.15,priority
1715,660852050,14728.64,18416.77,priority
1716,660852058,14768.05,18425.95,priority
1717,660852059,14804.12,18670.94,priority
1718,660852062,14765.18,18651.61,priority
1719,660852063,14727.16,18640.88,priority
1720,660852064,14688.61,18628.68,priority
1721,660852070,14778.42,18571.25,priority
1722,660852071,14692.13,18408.06,priority
1723,661087239,14852.68,17975.49,priority
1724,661087334,14722.32,17993.08,priority
1725,661092705,14337.08,16732.80,priority
1726,661333411,12436.35,17064.44,traffic_light
1727,661334125,12369.72,17090.29,priority
1728,661334146,12432.09,17103.25,priority
1729,662242688,14117.64,15487.97,priority
1730,662242701,14133.91,15472.61,priority
1731,662249454,13960.23,15310.31,priority
1732,663040553,11311.10,18962.53,priority
1733,663040555,11238.62,19054.44,priority
1734,663040557,11174.93,19100.40,priority
1735,663040558,11078.10,19158.41,priority
1736,663335609,10515.12,15324.48,priority
1737,663335623,10529.28,15210.78,priority
1738,663882737,12381.22,17038.75,priority
1739,664189379,13519.74,16899.91,priority
1740,664200744,13977.85,16438.40,right_before_left
1741,664200745,13951.42,16427.71,priority
1742,664200751,14020.06,16443.42,priority
1743,664208694,13303.16,16586.66,priority
1744,664208695,13291.65,16631.99,priority
1745,664208696,13128.78,16568.54,priority
1746,665435612,10261.29,16360.53,priority
1747,665671761,11306.52,16443.34,priority
1748,666750718,13317.63,17829.81,priority
1749,666918886,14849.56,17918.05,priority
1750,667185199,11037.51,15628.02,priority
1751,667443052,13537.52,18198.73,priority
1752,669162501,10559.64,17532.45,priority
1753,670093810,13139.62,17322.65,priority
1754,670093850,13147.53,17344.22,priority
1755,671775283,10207.90,16670.85,priority
1756,671775288,10197.15,16671.95,priority
1757,671775302,10196.75,16679.45,priority
1758,671775341,10207.45,16681.59,priority
1759,672171829,12399.43,15216.04,priority
1760,672171847,12457.87,15177.07,traffic_light
1761,672171864,12478.73,15199.81,priority
1762,672171887,12377.24,15369.86,priority
1763,672171928,12464.93,15512.33,priority
1764,672171952,12485.34,15481.86,priority
1765,672404496,14848.01,17438.23,priority
1766,672773492,12304.60,15308.26,priority
1767,672773495,12264.70,15300.03,traffic_light
1768,705170760,13432.24,15779.56,priority
1769,712629762,12634.29,15053.45,priority
1770,713758579,12994.01,15022.43,priority
1771,716554608,12016.64,17545.25,traffic_light
1772,716554841,12000.09,17549.32,traffic_light
1773,716593612,12009.99,17532.38,traffic_light
1774,722488006,11203.87,15238.59,priority
1775,722488030,11233.76,15276.42,priority
1776,724143380,11688.16,18574.40,priority
1777,724143388,11681.25,18588.17,priority
1778,724143398,11764.10,18476.54,priority
1779,724150206,12742.56,17483.46,priority
1780,724150210,12776.25,17492.70,priority
1781,724150215,12707.90,17499.32,priority
1782,724150257,12707.61,17533.96,priority
1783,725407717,11105.70,17757.10,priority
1784,725407721,10711.16,17814.22,priority
1785,726845090,10853.58,17879.52,priority
1786,728905582,9685.35,19100.31,priority
1787,733903858,12207.68,18721.16,priority
1788,733908923,11847.50,19108.85,priority
1789,734475307,12205.91,18698.84,priority
1790,734480077,12721.57,18491.28,priority
1791,734480100,13081.57,18647.00,priority
1792,73558950,11869.81,15919.59,priority
1793,738647300,14453.78,18957.77,priority
1794,74987548,13001.32,17468.63,priority
1795,74989301,13091.56,17462.33,priority
1796,74989302,13016.27,17544.49,priority
1797,74989980,13102.57,17636.84,priority
1798,74990663,13120.89,17413.20,priority
1799,74991293,13105.11,17580.02,priority
1800,762015197,12588.28,17539.75,priority
1801,762015198,12605.80,17538.21,right_before_left
1802,762399659,13612.57,17398.43,priority
1803,762585077,12642.19,17343.82,priority
1804,762585085,12609.40,17386.46,right_before_left
1805,762585127,12570.56,17354.22,priority
1806,765964476,12881.01,17383.97,priority
1807,765964489,12885.04,17408.74,priority
1808,76598885,11764.51,15643.18,traffic_light
1809,769203814,10870.84,15809.24,right_before_left
1810,773224762,14272.20,17480.69,priority
1811,773224780,14353.39,17469.82,priority
1812,774498515,14994.17,16205.79,traffic_light
1813,78369212,13312.84,14947.56,priority
1814,796000092,10275.11,18632.41,priority
1815,796761043,13775.80,17376.72,priority
1816,823682813,11614.16,15129.78,priority
1817,824641142,11155.37,15012.12,right_before_left
1818,826163573,10908.33,15337.38,priority
1819,828523225,11562.91,15529.39,priority
1820,832556308,13139.24,17339.81,priority
1821,832573259,13293.07,18720.09,priority
1822,832573260,13305.87,18730.09,right_before_left
1823,832573284,13277.80,18716.23,traffic_light
1824,832573299,13289.98,18708.36,priority
1825,832573323,13282.91,18723.30,priority
1826,832573361,13199.04,19080.42,priority
1827,832573377,13197.39,19095.69,priority
1828,832573405,13206.51,19090.30,priority
1829,832583420,10557.93,20012.60,dead_end
1830,832583432,10555.27,19996.06,priority
1831,832583440,10542.60,20009.50,dead_end
1832,832591364,10434.48,17397.60,priority
1833,832591403,10434.60,17383.79,priority
1834,832591435,10427.36,17391.28,priority
1835,838868527,11646.38,15586.18,priority
1836,886422729,14070.21,16161.67,priority
1837,919091404,14078.98,16023.08,priority
1838,935392869,13684.09,20072.74,dead_end
1839,935392874,14808.93,18983.04,priority
1840,963688609,10241.39,16263.74,priority
1841,963688613,10194.78,16252.47,priority
1842,993726468,12389.04,15574.46,priority
1843,99914331,11809.67,16035.39,priority
1844,99918565,12264.60,16836.16,priority
1845,99919537,12338.34,17123.04,priority
1846,cluster_1051383904_1856160453,9878.60,18578.25,priority
1847,cluster_1098574052_1098574061_247379905,13743.75,17609.43,traffic_light
1848,cluster_1139696842_32319391,13741.96,16621.78,priority
1849,cluster_1238706_1238711_2663581746_320920679,12990.32,15007.72,priority
1850,cluster_1239333746_246649195_264747751_476194,15106.28,16134.03,dead_end
1851,cluster_1277464384_27307865,13498.16,18585.13,priority
1852,cluster_1340980707_2112717916_3268559723_449221_662242678_662242680_662242695_662242703,14145.50,15474.12,priority
1853,cluster_1347778250_31920045,11150.95,15161.11,priority
1854,cluster_1373730451_52155742_665671742_665671743,11323.37,16383.66,traffic_light
1855,cluster_1393690269_449232,14629.30,15444.04,priority
1856,cluster_1459096202_1680834784_256311195,13517.52,16303.19,priority
1857,cluster_14601871_254927733_458605666_458605667,13382.58,15120.88,traffic_light
1858,cluster_1474518376_2118893223_27183076_279018743,14871.67,18864.47,priority
1859,cluster_1574556578_1574556581_1574556602_1574556604_256632548_259469749,11625.74,15744.34,traffic_light
1860,cluster_1583750284_2111209645_254927839,14052.63,15094.62,priority
1861,cluster_1638935360_1638935362_2109075192_32950307_32950316_954808309,13254.52,14922.57,dead_end
1862,cluster_1677325208_313583_397140_474325_474326,14987.66,15822.33,traffic_light
1863,cluster_1677325647_397007,14926.17,16213.73,priority
1864,cluster_1678156994_1678157048_1678230310_302932303_648550705,14488.92,16606.30,right_before_left
1865,cluster_1678199312_1678199317_1678199342_2562090904_2866958696,13990.02,15976.12,traffic_light
1866,cluster_1678199357_3022958026_310647931,14063.12,16013.27,priority
1867,cluster_1678199483_1678199489,13850.31,16485.03,traffic_light
1868,cluster_1678199498_1678199509_1678199529,13853.42,16517.41,traffic_light
1869,cluster_1678199499_1678199505,13828.97,16513.40,priority
1870,cluster_1678199562_256490258,13852.29,16636.01,traffic_light
1871,cluster_1678230418_247380549_26110735,14147.94,16884.12,traffic_light
1872,cluster_1678246926_1678246932_33060029,13680.20,16690.50,priority
1873,cluster_1679641234_256306232,14342.12,15291.58,priority
1874,cluster_1679641240_1679641244_1679641247_1854181847_297754398_311579359_313576_397142_449231,14634.52,15362.34,priority
1875,cluster_1679641274_311578851_449234,14658.84,15414.03,priority
1876,cluster_1679917841_256482895_266709751,14905.96,17274.56,priority
1877,cluster_1679917961_2116624890_2269266542_2285985235_276278173_279486552_279489139_3141997564_734098359,14907.24,17440.18,priority
1878,cluster_1679918481_660852061,14814.29,18579.96,priority
1879,cluster_1680004084_244416149,14573.47,18749.81,priority
1880,cluster_1680004101_366682454,14812.04,18796.74,priority
1881,cluster_1680834847_26110670,13523.88,16603.23,right_before_left
1882,cluster_1680834887_1680834914,13480.67,16934.55,priority
1883,cluster_1680834888_1734168964_32319931_664189382,13509.61,16915.42,priority
1884,cluster_1680834999_26718382,13636.17,17056.83,priority
1885,cluster_1680835188_2316880301_26953401,13319.45,17801.13,traffic_light
1886,cluster_1683627807_1840182995,11274.49,19084.27,priority
1887,cluster_1686164666_220600413_796757898_796757920_796757921,10263.30,18559.79,priority
1888,cluster_1686195777_1686195782_1686314502,10178.74,19632.94,traffic_light
1889,cluster_1692287791_2664872746_2664872751_280950240,14312.15,15815.77,traffic_light
1890,cluster_1705496925_1968479308_36832211_396957_647103148_647103179_647103184_647103231_672773475_672773480_672773485_773906716_773906721,12278.36,15276.87,priority
1891,cluster_1722172521_1722172522,13566.68,18316.66,priority
1892,cluster_1722236839_1862048300_1862048301_1862050253_34482665_53861456,11695.25,16302.88,traffic_light
1893,cluster_1722236952_1722236962,11052.63,16929.00,priority
1894,cluster_1722236976_1722236978,11003.15,17002.25,priority
1895,cluster_1725697981_573820370_573820374_574710586_720900336_729163746,9984.19,16355.71,priority
1896,cluster_1726436520_457980_458003,12494.81,15147.79,traffic_light
1897,cluster_1880680520_34482662,11695.04,15707.89,traffic_light
1898,cluster_1895176792_360006,11266.24,15626.02,priority
1899,cluster_1958913747_1958913778_1958913781,12321.21,15753.51,priority
1900,cluster_1994408609_397143,14574.60,15233.12,traffic_light
1901,cluster_2083553505_255072664,12913.20,15020.62,traffic_light
1902,cluster_2084912557_38443855_38443856_38443858,11292.30,17654.84,traffic_light
1903,cluster_2116206059_311145867,13518.07,15951.23,priority
1904,cluster_2118856942_76474180,13713.52,15321.91,priority
1905,cluster_213018462_223096049,10068.80,16861.76,right_before_left
1906,cluster_2130811988_319549649_319549713,14290.73,15620.52,priority
1907,cluster_2137674984_674067366,13989.94,14910.52,dead_end
1908,cluster_2138007542_3511101691_38443832_38443844_38443847,11208.17,17755.89,traffic_light
1909,cluster_2139304346_238292728,10964.90,17270.77,traffic_light
1910,cluster_2139321457_2139387394,10858.49,17127.24,priority
1911,cluster_2140165261_256481964,14083.77,16300.38,priority
1912,cluster_2144590662_3239863996_3239863997,12188.67,16693.15,traffic_light
1913,cluster_215310637_765964471,12871.17,17471.09,traffic_light
1914,cluster_218030456_734475266,12218.34,18706.26,priority
1915,cluster_223248327_246281818,12370.22,17559.53,priority
1916,cluster_223250918_640502213,12375.67,17342.62,right_before_left
1917,cluster_225727152_2403150041,10858.28,19496.10,traffic_light
1918,cluster_228724865_2669021576,11386.82,19756.86,priority
1919,cluster_2292787672_259083790,14774.78,15562.62,traffic_light
1920,cluster_2347650561_26953427_38443761_38443763_98158434,11980.29,16520.35,priority
1921,cluster_238614980_246271941,12273.19,17875.22,priority
1922,cluster_2415878735_39614137_40838852_76615064,10871.93,14917.29,traffic_light
1923,cluster_2415878770_312382302_312382303_312382304_312382305,11329.89,15725.94,priority
1924,cluster_242847926_32319133,13396.67,17033.59,priority
1925,cluster_2430219710_2430219714_255445066_53861454,11431.28,15873.55,traffic_light
1926,cluster_243364969_3233145130_3233145133_659567773,13513.98,18466.31,priority
1927,cluster_246565575_246566709,12794.90,18219.25,priority
1928,cluster_246565580_246566422,12678.21,18355.94,right_before_left
1929,cluster_246649196_25984804_25984840,15206.22,16038.12,traffic_light
1930,cluster_249536359_2583597877_2583597878_2583597883_2583597884_2583597889,12843.05,15041.17,priority
1931,cluster_25074431_512505744,12339.82,15341.38,priority
1932,cluster_252046467_252046470,13679.20,17228.67,priority
1933,cluster_254927782_254927784_32543884,13963.41,15108.44,priority
1934,cluster_254927819_51452722,13727.95,15302.52,priority
1935,cluster_254927844_256281846,14075.95,15210.88,traffic_light
1936,cluster_256188566_2971325921,13978.95,16500.36,right_before_left
1937,cluster_256189694_256542202,14248.55,16614.39,right_before_left
1938,cluster_256202096_256697581,14343.49,16772.97,right_before_left
1939,cluster_256262021_32996011,13874.89,16386.58,traffic_light
1940,cluster_256262290_311147981,13958.01,16087.42,priority
1941,cluster_256281546_280952852,14097.31,15307.32,traffic_light
1942,cluster_256309721_283845048,13817.14,15550.67,priority
1943,cluster_256473257_256473262,13965.98,16057.99,priority
1944,cluster_256492487_256492669,13976.85,14913.58,dead_end
1945,cluster_256579491_359936,11350.10,15314.20,priority
1946,cluster_256697261_256697580,14332.59,16608.18,right_before_left
1947,cluster_258346775_2665408833,13836.14,17496.26,right_before_left
1948,cluster_259083791_585624,14481.79,15799.46,traffic_light
1949,cluster_265581200_268181323,11293.45,19982.38,priority
1950,cluster_265876583_267096499,12145.86,15372.52,priority
1951,cluster_266359551_295102076,14425.23,19774.69,priority
1952,cluster_266398232_266400738,13665.41,18464.60,right_before_left
1953,cluster_2664872747_2664872749_2664872750,14078.66,15835.40,right_before_left
1954,cluster_267096412_267096416,12167.06,15358.64,priority
1955,cluster_2671559708_2671559717,13444.85,19148.95,priority
1956,cluster_26718385_738066527_738066531_738066575,13794.50,17102.27,priority
1957,cluster_26953399_276294436,13310.95,17873.54,priority
1958,cluster_26953586_315504367_315504368_315504445,13302.44,18468.05,traffic_light
1959,cluster_26953588_315504042_318260729,13279.15,18567.22,priority
1960,cluster_26953610_659558071,13055.40,18954.66,priority
1961,cluster_27188970_765964530,12877.31,17447.16,traffic_light
1962,cluster_279023253_330969642,14855.62,18918.94,traffic_light
1963,cluster_279530432_279532704,15053.19,17430.47,priority
1964,cluster_280952854_83549952,14513.24,15102.08,priority
1965,cluster_287146828_32996268,13387.54,16603.98,priority
1966,cluster_289904002_65186812,13179.08,19193.55,priority
1967,cluster_289904760_717383536,13395.58,19289.31,priority
1968,cluster_295101964_295101987,14595.73,19601.92,priority
1969,cluster_295102016_295102021,14464.83,19417.62,priority
1970,cluster_2979782306_660852066,14704.09,18554.62,priority
1971,cluster_2979782323_660852057,14741.54,18562.30,priority
1972,cluster_31920007_722583523,11215.03,15099.59,priority
1973,cluster_320036185_320036186_320036191_52155966_696501510,11513.56,16185.60,priority
1974,cluster_32248903_32248944,11536.31,15492.77,priority
1975,cluster_32248948_359937,11488.59,15218.26,priority
1976,cluster_32248949_41003119_76598881,11797.20,15621.42,traffic_light
1977,cluster_32319776_32319789,13604.66,16786.90,priority
1978,cluster_32524342_32524343_32524497,14024.75,15842.05,traffic_light
1979,cluster_34028733_51232056,10162.84,15713.47,priority
1980,cluster_34212264_34212546,12106.88,15400.19,traffic_light
1981,cluster_34212441_40861513_76598866,11938.52,15512.56,traffic_light
1982,cluster_359931_738659973,11349.60,15015.52,priority
1983,cluster_36141229_411714662,12105.22,15941.86,priority
1984,cluster_394938388_62428099,14146.31,16791.91,priority
1985,cluster_41008927_411714659,12151.22,15969.86,traffic_light
1986,cluster_411714660_411714664,12182.16,15988.49,traffic_light
1987,cluster_423179_457938,11252.09,17598.37,priority
1988,cluster_449227_449228,14121.36,15399.19,priority
1989,cluster_451833475_53215711_769392811_769392813_913262269,11297.60,15689.47,traffic_light
1990,cluster_52155630_52155637,11240.96,16110.68,priority
1991,cluster_52155881_52155885,11660.22,16547.05,priority
1992,cluster_573820375_573820379,10017.87,16360.34,priority
1993,cluster_60220315_60220316,11487.95,16992.86,priority
1994,cluster_627050006_765964500,12835.14,17552.08,priority
1995,cluster_654454038_661087237,14860.71,18064.92,priority
1996,cluster_654454041_661087238,14796.04,18062.42,priority
1997,cluster_654454044_661087333,14733.46,18063.45,priority
1998,cluster_660192264_660192265,11624.19,18022.68,traffic_light
1999,cluster_717383521_717383527,13432.46,19187.93,priority
2000,cluster_725407716_725407719,11158.23,17798.05,priority
