origin_id,lat,lon,id
63338299,31.2123289,121.4433644,0
64813770,31.2233695,121.4935127,1
64813772,31.2237476,121.4924571,2
64813773,31.2241111,121.4903636,3
64813782,31.2205630,121.4774505,4
75354586,31.2276108,121.4956429,5
76482738,31.2171297,121.4805746,6
76482739,31.2193552,121.4794631,7
76482745,31.2239530,121.4901708,8
93246191,31.2220914,121.4741237,9
93310009,31.2219865,121.4756732,10
93310272,31.2226162,121.4774117,11
93310875,31.2238550,121.4876697,12
93325983,31.2246476,121.4849155,13
93332044,31.2237166,121.4853908,14
93332051,31.2237384,121.4855182,15
93332110,31.2238026,121.4854941,16
93332133,31.2237854,121.4853506,17
95612191,31.2158206,121.4765848,18
95679584,31.2180486,121.4800889,19
103736983,31.2274745,121.4954241,20
103764456,31.2319527,121.4909162,21
147477301,31.2223588,121.4765430,22
152847559,31.2314635,121.4862999,23
152848137,31.2297206,121.4898824,24
152848312,31.2288587,121.4922609,25
152878617,31.2276426,121.4758837,26
152878638,31.2258886,121.4766479,27
210643104,31.2311995,121.4901143,28
301639384,31.2251725,121.4768826,29
385113562,31.2263214,121.4840293,30
385113763,31.2236239,121.4792112,31
385113782,31.2272457,121.4877977,32
385113786,31.2276965,121.4899914,33
385113788,31.2275587,121.4903570,34
385113789,31.2274482,121.4906479,35
385113791,31.2273853,121.4909629,36
385113794,31.2272788,121.4924630,37
385113795,31.2273067,121.4928039,38
385113971,31.2260761,121.4784709,39
385113975,31.2290198,121.4792767,40
385114252,31.2200036,121.4811682,41
385114529,31.2269971,121.4930180,42
385114569,31.2228820,121.4772794,43
475974715,31.2239982,121.4879470,44
475975057,31.2267646,121.4853420,45
475975342,31.2285992,121.4849322,46
475975347,31.2298892,121.4846845,47
475975640,31.2288795,121.4848794,48
475975643,31.2290446,121.4861989,49
475976301,31.2261729,121.4827602,50
475976364,31.2264759,121.4878222,51
475977000,31.2254841,121.4844909,52
475977438,31.2266353,121.4897382,53
475977497,31.2276943,121.4896897,54
475977519,31.2273472,121.4897468,55
475977667,31.2241470,121.4896593,56
475977669,31.2239940,121.4896901,57
475977684,31.2250353,121.4879013,58
475977686,31.2251087,121.4896276,59
475977736,31.2251821,121.4910429,60
475977737,31.2253215,121.4928711,61
475977913,31.2240584,121.4909765,62
475977916,31.2265179,121.4908540,63
475978022,31.2275601,121.4909570,64
475978025,31.2297279,121.4903480,65
475978414,31.2245665,121.4910049,66
475978428,31.2245584,121.4929268,67
475978447,31.2248088,121.4941259,68
475978728,31.2271483,121.4941297,69
475978741,31.2251577,121.4953756,70
475978939,31.2236134,121.4928970,71
475979135,31.2234939,121.4963386,72
475979686,31.2233244,121.4927202,73
475979698,31.2243115,121.4986212,74
475979876,31.2243894,121.4985422,75
475979960,31.2233491,121.4963937,76
475980598,31.2231124,121.4946394,77
475980801,31.2237561,121.4920986,78
476078767,31.2335209,121.4870498,79
476078905,31.2298319,121.4881386,80
476552806,31.2218508,121.4864168,81
476553848,31.2170595,121.4880933,82
476553855,31.2146186,121.4886546,83
476553960,31.2146074,121.4888046,84
476553962,31.2170789,121.4882019,85
476554611,31.2238654,121.4878804,86
476554809,31.2212391,121.4886810,87
476554810,31.2203185,121.4891205,88
476554817,31.2180935,121.4894514,89
476555419,31.2169554,121.4910201,90
476555427,31.2161432,121.4912824,91
476555428,31.2148833,121.4912730,92
476556038,31.2188620,121.4928819,93
476556039,31.2199308,121.4929303,94
476556047,31.2232006,121.4931494,95
476556302,31.2215768,121.4901570,96
476556639,31.2215018,121.4893561,97
476556641,31.2204289,121.4872311,98
476556645,31.2180670,121.4826719,99
476557270,31.2194457,121.4891986,100
476557955,31.2197718,121.4904940,101
476558313,31.2165784,121.4846968,102
476559329,31.2179059,121.4879982,103
476559347,31.2180383,121.4908065,104
476559359,31.2173422,121.4935266,105
476559394,31.2171600,121.4855263,106
476559405,31.2171953,121.4939030,107
476559746,31.2183795,121.5014674,108
476559922,31.2194039,121.4852266,109
476559988,31.2174653,121.4865562,110
476559990,31.2167618,121.4868438,111
476560013,31.2146280,121.4872430,112
476560259,31.2210729,121.4804872,113
476560879,31.2220788,121.4943958,114
476561130,31.2231963,121.4994174,115
476561683,31.2160686,121.5020871,116
476561935,31.2116061,121.4970214,117
476561947,31.2149405,121.4927072,118
476561951,31.2150639,121.4912872,119
476562079,31.2114149,121.4969762,120
476562811,31.2140257,121.4934164,121
476792263,31.2328267,121.4823711,122
477444686,31.2147760,121.4887778,123
477444694,31.2147785,121.4886300,124
477445174,31.2144473,121.4872674,125
477618430,31.2310966,121.4750348,126
477618799,31.2314391,121.4757606,127
477619297,31.2321075,121.4771596,128
478373250,31.2202561,121.4765458,129
478373353,31.2212086,121.4771366,130
479284692,31.2302474,121.4784613,131
479286226,31.2317006,121.4763347,132
479286375,31.2287574,121.4787242,133
479286446,31.2298750,121.4777541,134
479288842,31.2295637,121.4771577,135
479288912,31.2285014,121.4780297,136
479290062,31.2281834,121.4772650,137
479291272,31.2283703,121.4789154,138
479292469,31.2292234,121.4765043,139
479297279,31.2208975,121.4785233,140
479297947,31.2137658,121.4816537,141
479297994,31.2139089,121.4815968,142
479299038,31.2236620,121.4745759,143
479299222,31.2272798,121.4751112,144
479302313,31.2264459,121.4704658,145
479319990,31.2226726,121.4753522,146
479322299,31.2243111,121.4756330,147
481387485,31.2285484,121.4906930,148
481389763,31.2272523,121.4905764,149
481389765,31.2271110,121.4909076,150
481389838,31.2271470,121.4909164,151
481389986,31.2269514,121.4926106,152
481390039,31.2269823,121.4927156,153
481390470,31.2275366,121.4834174,154
481390471,31.2278625,121.4850980,155
481390556,31.2255904,121.4767668,156
481390557,31.2253215,121.4758371,157
481390560,31.2260217,121.4782691,158
481390832,31.2263243,121.4788639,159
481390834,31.2266993,121.4796278,160
481390839,31.2277433,121.4833504,161
481391756,31.2250669,121.4817465,162
481392303,31.2271118,121.4809380,163
481394037,31.2274539,121.4822209,164
481394324,31.2274254,121.4821311,165
481394996,31.2295275,121.4815642,166
481395518,31.2245281,121.4808431,167
481396599,31.2281632,121.4787731,168
481397090,31.2244337,121.4769585,169
481397312,31.2248230,121.4788384,170
481397829,31.2252470,121.4802002,171
481433742,31.2297040,121.4828831,172
481439262,31.2262775,121.4784495,173
481498188,31.2189773,121.4843896,174
481498557,31.2164580,121.4857764,175
481499142,31.2196793,121.4840361,176
481499482,31.2197891,121.4842337,177
481500495,31.2149889,121.4846283,178
481500502,31.2158110,121.4863621,179
481500505,31.2159761,121.4870271,180
481500507,31.2163950,121.4882442,181
481500509,31.2163879,121.4883882,182
481500517,31.2153779,121.4962584,183
482729435,31.2238864,121.4945277,184
482730664,31.2206105,121.4955171,185
482731172,31.2148317,121.4829592,186
482731177,31.2139587,121.4831491,187
482731178,31.2141042,121.4831251,188
482731179,31.2153822,121.4826932,189
482731180,31.2146193,121.4814359,190
482731602,31.2143591,121.4851469,191
482731911,31.2160174,121.4836981,192
482731912,31.2178591,121.4823182,193
482732142,31.2209465,121.4835695,194
482732359,31.2164645,121.4808799,195
482732480,31.2174429,121.4826256,196
482732933,31.2207976,121.4785775,197
482732943,31.2228152,121.4795350,198
482732996,31.2232255,121.4804085,199
482732999,31.2237083,121.4812770,200
482733092,31.2268189,121.4762453,201
483090542,31.2204121,121.4821051,202
483091135,31.2214908,121.4813441,203
483098146,31.2237957,121.4796361,204
483098150,31.2249550,121.4792697,205
483098199,31.2211965,121.4807919,206
483098227,31.2201578,121.4814791,207
483098387,31.2197499,121.4829122,208
483098883,31.2204587,121.4825296,209
483099095,31.2193150,121.4831219,210
483099864,31.2195759,121.4855707,211
483099888,31.2202512,121.4850657,212
483103066,31.2135207,121.4786496,213
483103082,31.2133838,121.4786709,214
483103101,31.2167260,121.4789521,215
483103362,31.2133636,121.4773992,216
483103400,31.2131932,121.4774692,217
483106120,31.2149573,121.4768756,218
483106129,31.2153666,121.4781423,219
483106759,31.2182315,121.4761147,220
483108069,31.2142134,121.4784557,221
483108104,31.2145714,121.4812518,222
483108446,31.2186762,121.4773390,223
483108462,31.2190100,121.4782631,224
483110054,31.2231596,121.4751557,225
483110717,31.2238269,121.4770577,226
483113556,31.2264822,121.4754116,227
483113599,31.2257312,121.4733203,228
486193994,31.2156508,121.4657379,229
599406636,31.2218691,121.4865241,230
599406827,31.2178812,121.4878627,231
599406834,31.2203622,121.4871429,232
599406978,31.2255059,121.4846191,233
599407018,31.2275651,121.4835451,234
599407025,31.2263366,121.4841731,235
599408454,31.2320954,121.4825373,236
601145284,31.2164028,121.4807710,237
601145285,31.2138865,121.4813745,238
601145286,31.2137468,121.4814309,239
601145287,31.2237981,121.4769433,240
601145288,31.2225840,121.4772690,241
601145289,31.2179991,121.4799509,242
601145290,31.2170696,121.4804124,243
601145315,31.2275721,121.4757550,244
601145316,31.2267721,121.4760991,245
601145318,31.2255533,121.4766187,246
601145319,31.2228332,121.4771516,247
601145322,31.2194487,121.4791855,248
601145356,31.2254598,121.4763089,249
601662226,31.2285000,121.4751872,250
601663327,31.2285490,121.4753221,251
602393451,31.2229701,121.4943361,252
602393452,31.2282882,121.5095082,253
602393459,31.2230538,121.4943510,254
602393461,31.2283991,121.5094408,255
602393469,31.2301558,121.5144970,256
602393470,31.2236714,121.4920467,257
602393480,31.2300974,121.5145170,258
602393484,31.2228513,121.4946153,259
603758613,31.2276593,121.4954329,260
603837322,31.2033270,121.4853063,261
603837471,31.2033859,121.4854275,262
603884627,31.2138580,121.4823498,263
603884628,31.2139962,121.4822976,264
603884631,31.2149411,121.4819438,265
608700679,31.2141949,121.4852547,266
618167141,31.2135494,121.4940730,267
623414118,31.2146255,121.4894805,268
623414122,31.2147570,121.4894947,269
624739067,31.2303350,121.4815599,270
624739122,31.2307884,121.4828041,271
624783812,31.2208218,121.4783663,272
639305926,31.2188996,121.4818004,273
639305947,31.2211981,121.4803981,274
639308640,31.2232051,121.4835884,275
639308641,31.2229408,121.4832743,276
639308643,31.2239013,121.4862733,277
639308645,31.2237160,121.4847032,278
639308664,31.2236358,121.4839857,279
639308668,31.2228637,121.4833486,280
639308671,31.2236947,121.4862995,281
639308672,31.2235136,121.4847323,282
639308674,31.2212782,121.4814675,283
639308676,31.2220078,121.4828732,284
639308680,31.2224568,121.4839965,285
639308681,31.2223467,121.4840287,286
639308682,31.2212067,121.4815201,287
639308683,31.2209712,121.4809510,288
639308696,31.2215862,121.4812532,289
639308698,31.2226403,121.4806920,290
639308705,31.2206002,121.4856940,291
639308707,31.2225928,121.4860257,292
639308714,31.2252360,121.4832177,293
639309883,31.2231036,121.4850673,294
639309886,31.2230171,121.4857800,295
654393155,31.2145609,121.4820862,296
654393951,31.2152357,121.4824443,297
654394586,31.2167789,121.4813915,298
654397600,31.2172150,121.4822021,299
654397601,31.2176640,121.4819177,300
654397602,31.2186606,121.4813021,301
654400890,31.2181783,121.4938210,302
654401048,31.2184858,121.4930857,303
654402280,31.2189078,121.4927210,304
654402282,31.2190822,121.4923455,305
654402303,31.2190203,121.4875723,306
654403074,31.2184444,121.4858638,307
654405017,31.2175984,121.4927878,308
677735262,31.2288884,121.4943788,309
677736954,31.2345565,121.4880836,310
714068375,31.2049322,121.4914578,311
773662836,31.2284035,121.4898834,312
773662878,31.2273897,121.4886704,313
773662896,31.2281566,121.4885030,314
848690444,31.2309982,121.4827593,315
848690457,31.2305447,121.4819283,316
848690496,31.2293782,121.4797232,317
848690593,31.2294782,121.4799313,318
850269030,31.2345536,121.4880814,319
856909286,31.2135306,121.4874448,320
856909299,31.2137903,121.4914498,321
856909306,31.2139892,121.4873572,322
856909334,31.2140995,121.4894863,323
856909497,31.2103627,121.4893599,324
857780856,31.2198440,121.4752321,325
857780858,31.2215057,121.4743527,326
971168073,31.2142485,121.4771234,327
971168076,31.2136398,121.4733000,328
1315785176,31.2238349,121.4785392,329
1315785184,31.2226411,121.4781382,330
1315785186,31.2289312,121.4817558,331
1315785192,31.2288704,121.4781361,332
1315785194,31.2227924,121.4780830,333
1315785195,31.2249497,121.4779760,334
1315785196,31.2229296,121.4780330,335
1315785197,31.2280894,121.4814862,336
1315785206,31.2250510,121.4768901,337
1315785207,31.2236508,121.4783213,338
1315785208,31.2297800,121.4794190,339
1315785210,31.2243763,121.4774127,340
1315785213,31.2262277,121.4768476,341
1315785214,31.2238166,121.4780135,342
1315785217,31.2276180,121.4816147,343
1315785219,31.2248565,121.4775729,344
1315785230,31.2289406,121.4779545,345
1315785235,31.2275856,121.4820811,346
1315785239,31.2261202,121.4779589,347
1315785242,31.2238900,121.4778043,348
1315785243,31.2242111,121.4779652,349
1315785245,31.2278763,121.4808778,350
1315785248,31.2240689,121.4780082,351
1315785249,31.2260284,121.4776620,352
1315785252,31.2265644,121.4777453,353
1315785253,31.2237249,121.4785607,354
1315785255,31.2223716,121.4777346,355
1315785257,31.2296273,121.4782128,356
1315785261,31.2294385,121.4781330,357
1315785265,31.2258350,121.4781744,358
1315785266,31.2243946,121.4783837,359
1315785274,31.2297488,121.4769991,360
1315785276,31.2233762,121.4773483,361
1315785281,31.2238716,121.4782388,362
1315785282,31.2279232,121.4815382,363
1315785285,31.2285873,121.4772679,364
1315785288,31.2262844,121.4775553,365
1315785289,31.2278763,121.4813553,366
1315785292,31.2293075,121.4787323,367
1315785294,31.2261515,121.4772732,368
1315785296,31.2233448,121.4779620,369
1315785297,31.2295395,121.4780454,370
1315785306,31.2228671,121.4780558,371
1315785310,31.2291895,121.4783491,372
1315785314,31.2235099,121.4783817,373
1315785325,31.2250009,121.4775399,374
1315785327,31.2255368,121.4782871,375
1315785332,31.2258162,121.4770080,376
1315785333,31.2294910,121.4765168,377
1315785337,31.2290896,121.4775328,378
1315785339,31.2291194,121.4784124,379
1315785341,31.2290873,121.4778579,380
1315785344,31.2298932,121.4768824,381
1315785349,31.2266626,121.4766782,382
1315785354,31.2280291,121.4819511,383
1315785362,31.2264209,121.4778452,384
1315785363,31.2296240,121.4785339,385
1315785370,31.2295382,121.4789483,386
1315785380,31.2241102,121.4774717,387
1315785383,31.2223945,121.4782281,388
1315785384,31.2296994,121.4779065,389
1315785387,31.2274727,121.4810173,390
1315785392,31.2269084,121.4769996,391
1315785394,31.2292341,121.4777507,392
1315785401,31.2292514,121.4774041,393
1315785407,31.2236285,121.4776702,394
1315785411,31.2227798,121.4783890,395
1315785414,31.2285910,121.4803963,396
1315785418,31.2278527,121.4819891,397
1315785422,31.2273167,121.4810495,398
1315785427,31.2293155,121.4782398,399
1315785440,31.2287158,121.4771552,400
1315785441,31.2253049,121.4768533,401
1315785445,31.2236102,121.4786036,402
1315785446,31.2225152,121.4781841,403
1315785448,31.2240172,121.4777711,404
1315785451,31.2296653,121.4764632,405
1315785459,31.2274731,121.4816495,406
1315785462,31.2261653,121.4781047,407
1315785464,31.2260653,121.4769109,408
1315785469,31.2240139,121.4782603,409
1315785475,31.2242386,121.4774342,410
1315785476,31.2244280,121.4776640,411
1315785477,31.2257853,121.4785286,412
1315785479,31.2288473,121.4777341,413
1315785485,31.2288259,121.4770157,414
1315785490,31.2231253,121.4779617,415
1315785491,31.2256688,121.4770635,416
1315785495,31.2259314,121.4773483,417
1315785501,31.2290702,121.4784527,418
1315785504,31.2298167,121.4785553,419
1315785508,31.2277516,121.4815816,420
1315785509,31.2226897,121.4781205,421
1315785511,31.2298809,121.4783193,422
1315785524,31.2251991,121.4774969,423
1315785529,31.2247377,121.4775981,424
1315785534,31.2265173,121.4780500,425
1315785535,31.2239846,121.4781527,426
1315785539,31.2248620,121.4769113,427
1315785545,31.2282371,121.4819079,428
1315785549,31.2250873,121.4779545,429
1315785550,31.2273108,121.4816951,430
1315785560,31.2269130,121.4765812,431
1315785561,31.2289317,121.4791374,432
1315785570,31.2229496,121.4782978,433
1315785574,31.2245414,121.4783890,434
1315785577,31.2264956,121.4771606,435
1315785579,31.2254384,121.4768206,436
1315785589,31.2284451,121.4773805,437
1315785593,31.2241566,121.4777348,438
1315785595,31.2239909,121.4775200,439
1315785598,31.2226606,121.4775951,440
1315785600,31.2289667,121.4776284,441
1315785601,31.2288953,121.4767479,442
1315785605,31.2254754,121.4786303,443
1315785606,31.2294314,121.4786296,444
1315785608,31.2242935,121.4776991,445
1315785610,31.2267892,121.4770694,446
1315785611,31.2238304,121.4776326,447
1315785613,31.2245849,121.4769574,448
1315785614,31.2287113,121.4778459,449
1315785618,31.2225046,121.4776702,450
1315785621,31.2247009,121.4769338,451
1315785622,31.2292462,121.4782999,452
1315785623,31.2276195,121.4810495,453
1315785627,31.2227890,121.4775414,454
1315785630,31.2297479,121.4784427,455
1315785635,31.2277212,121.4820388,456
1315785636,31.2248350,121.4780350,457
1315785646,31.2267948,121.4766270,458
1315785647,31.2237668,121.4782780,459
1315785649,31.2263557,121.4767977,460
1316192118,31.2247248,121.4827447,461
1316195130,31.2239415,121.4819943,462
1316196935,31.2243220,121.4821278,463
1316196939,31.2244996,121.4826447,464
1316196943,31.2234679,121.4836727,465
1316196944,31.2236142,121.4831162,466
1316196945,31.2231789,121.4833294,467
1316196946,31.2244771,121.4817254,468
1316196948,31.2232591,121.4832901,469
1316196949,31.2239275,121.4829539,470
1316196952,31.2279348,121.4791593,471
1316196954,31.2222692,121.4822423,472
1316196957,31.2230046,121.4827017,473
1316196959,31.2237989,121.4839110,474
1316196960,31.2287109,121.4797409,475
1316196961,31.2232844,121.4817093,476
1316196963,31.2244643,121.4820795,477
1316196971,31.2233624,121.4814143,478
1316196972,31.2248629,121.4833999,479
1316196978,31.2250254,121.4826097,480
1316196980,31.2234736,121.4831851,481
1316196981,31.2246560,121.4816450,482
1316196982,31.2232064,121.4825247,483
1316196983,31.2235092,121.4813875,484
1316196984,31.2241915,121.4837278,485
1316196985,31.2240820,121.4828704,486
1316196988,31.2245738,121.4826046,487
1316196990,31.2240496,121.4837961,488
1316196992,31.2243899,121.4834689,489
1316196994,31.2233348,121.4824282,490
1316196995,31.2249101,121.4826615,491
1316196998,31.2237508,121.4830493,492
1316196999,31.2246973,121.4821975,493
1316197000,31.2239163,121.4838572,494
1316197001,31.2249194,121.4814160,495
1316197003,31.2246422,121.4825676,496
1316198732,31.2230647,121.4817827,497
1316198736,31.2220042,121.4810262,498
1316198738,31.2229277,121.4813022,499
1316198740,31.2225043,121.4807524,500
1316198742,31.2225275,121.4810710,501
1316198744,31.2227407,121.4819590,502
1316198747,31.2221453,121.4809522,503
1316198748,31.2223098,121.4815959,504
1316198754,31.2218511,121.4805170,505
1316198756,31.2221559,121.4803414,506
1316198759,31.2223620,121.4808383,507
1316198763,31.2223033,121.4802717,508
1316198765,31.2247611,121.4815599,509
1316198767,31.2222765,121.4808832,510
1316198769,31.2235848,121.4809898,511
1316198771,31.2222740,121.4812757,512
1316198773,31.2225817,121.4807206,513
1316198775,31.2221712,121.4813406,514
1316198781,31.2219741,121.4818441,515
1316198784,31.2225963,121.4808778,516
1316198786,31.2225181,121.4814969,517
1316198788,31.2223944,121.4811997,518
1316198793,31.2241881,121.4816879,519
1316198794,31.2224069,121.4815498,520
1316198796,31.2222010,121.4809229,521
1316198798,31.2228038,121.4813611,522
1316198800,31.2219999,121.4804272,523
1316198801,31.2238850,121.4818205,524
1316198803,31.2226602,121.4814294,525
1316198811,31.2229012,121.4818625,526
1316198813,31.2217917,121.4816126,527
1316198815,31.2220365,121.4810093,528
1316236320,31.2246236,121.4813016,529
1316236330,31.2206465,121.4823208,530
1316236331,31.2185317,121.4869825,531
1316236332,31.2196969,121.4847777,532
1316236333,31.2181004,121.4866177,533
1316236336,31.2190409,121.4828572,534
1316236338,31.2232824,121.4841507,535
1316236342,31.2214170,121.4866231,536
1316236344,31.2224366,121.4832548,537
1316236347,31.2240908,121.4819171,538
1316236349,31.2221486,121.4853973,539
1316236352,31.2205944,121.4819709,540
1316236353,31.2186097,121.4830289,541
1316236355,31.2187719,121.4868354,542
1316236359,31.2202612,121.4842949,543
1316236361,31.2185775,121.4824388,544
1316236363,31.2202061,121.4865050,545
1316236365,31.2240366,121.4803536,546
1316236367,31.2187427,121.4829967,547
1316236368,31.2176237,121.4864623,548
1316236371,31.2220132,121.4863349,549
1316236374,31.2212317,121.4821879,550
1316236378,31.2215188,121.4857699,551
1316236380,31.2192290,121.4862046,552
1316236381,31.2212815,121.4833497,553
1316236383,31.2197924,121.4863156,554
1316236385,31.2211497,121.4830901,555
1316236386,31.2207330,121.4859013,556
1316236387,31.2220870,121.4859793,557
1316236389,31.2181280,121.4867947,558
1316236392,31.2224297,121.4836719,559
1316236399,31.2234174,121.4813498,560
1316236404,31.2231349,121.4812037,561
1316236406,31.2189841,121.4855054,562
1316236407,31.2210033,121.4828229,563
1316236408,31.2178528,121.4863433,564
1316236410,31.2185913,121.4869235,565
1316236411,31.2237495,121.4805293,566
1316236413,31.2221903,121.4823161,567
1316236421,31.2208744,121.4838910,568
1316236422,31.2183348,121.4828108,569
1316236423,31.2213534,121.4852572,570
1316236424,31.2191363,121.4843095,571
1316236425,31.2207723,121.4839583,572
1316236426,31.2200333,121.4861564,573
1316236427,31.2188666,121.4829323,574
1316236428,31.2192974,121.4850137,575
1316236430,31.2233473,121.4811027,576
1316236432,31.2215136,121.4838228,577
1316236439,31.2207923,121.4823627,578
1316236440,31.2225056,121.4855429,579
1316236442,31.2198929,121.4826403,580
1316236443,31.2178619,121.4867411,581
1316236444,31.2184512,121.4864749,582
1316236445,31.2238537,121.4812021,583
1316236446,31.2211804,121.4834161,584
1316236448,31.2237293,121.4808885,585
1316236454,31.2203162,121.4864353,586
1316236456,31.2204401,121.4863227,587
1316236461,31.2197979,121.4820119,588
1316236462,31.2205112,121.4816440,589
1316236467,31.2222889,121.4830396,590
1316236471,31.2208767,121.4817630,591
1316236473,31.2199902,121.4841183,592
1316236474,31.2227017,121.4839838,593
1316236476,31.2225725,121.4846232,594
1316236478,31.2188574,121.4821760,595
1316236479,31.2220778,121.4839033,596
1316236481,31.2207998,121.4829645,597
1316236485,31.2207785,121.4836659,598
1316236490,31.2201112,121.4843748,599
1316236492,31.2208130,121.4818100,600
1316236495,31.2225641,121.4844129,601
1316236497,31.2209019,121.4828935,602
1316236501,31.2199645,121.4828015,603
1316236504,31.2206376,121.4819391,604
1316236506,31.2234587,121.4806967,605
1316236508,31.2201549,121.4860805,606
1316236510,31.2230198,121.4812584,607
1316236512,31.2199446,121.4869449,608
1316236519,31.2194400,121.4827070,609
1316236520,31.2186036,121.4857580,610
1316236521,31.2223702,121.4815672,611
1316236522,31.2212359,121.4826610,612
1316236524,31.2224310,121.4840040,613
1316236527,31.2244270,121.4809067,614
1316236529,31.2241397,121.4810547,615
1316236531,31.2200869,121.4819077,616
1316236539,31.2228885,121.4799541,617
1316236544,31.2212673,121.4830035,618
1316236546,31.2217338,121.4852498,619
1316236550,31.2233531,121.4797622,620
1316236561,31.2243530,121.4827239,621
1316236563,31.2189400,121.4825407,622
1316236565,31.2210104,121.4816646,623
1316236566,31.2194423,121.4841555,624
1316236570,31.2207475,121.4818582,625
1316236571,31.2229036,121.4840321,626
1316236573,31.2211053,121.4824335,627
1316236588,31.2210365,121.4822189,628
1316236590,31.2221793,121.4845043,629
1316236592,31.2191232,121.4866766,630
1316236593,31.2195100,121.4874215,631
1316236596,31.2198639,121.4828523,632
1316236597,31.2192912,121.4842315,633
1316236599,31.2215359,121.4827067,634
1316236610,31.2195632,121.4829990,635
1316236612,31.2243958,121.4827008,636
1316236614,31.2208099,121.4839334,637
1316236621,31.2223742,121.4802319,638
1316236625,31.2225687,121.4818595,639
1316236639,31.2214556,121.4823577,640
1316236640,31.2198300,121.4824603,641
1316236642,31.2215935,121.4848206,642
1316236644,31.2179720,121.4866606,643
1316236647,31.2223007,121.4844425,644
1316236650,31.2215739,121.4851293,645
1316236653,31.2234065,121.4810746,646
1316236659,31.2195593,121.4848528,647
1316236660,31.2245339,121.4835606,648
1316236661,31.2235091,121.4797032,649
1316236663,31.2211328,121.4822403,650
1316236665,31.2206686,121.4840265,651
1316236669,31.2228243,121.4806037,652
1316236673,31.2239974,121.4803793,653
1316236681,31.2177248,121.4864005,654
1316236682,31.2199231,121.4844750,655
1316236683,31.2242018,121.4812694,656
1316236685,31.2199951,121.4825890,657
1316236686,31.2213393,121.4825890,658
1316236688,31.2230458,121.4839623,659
1316236692,31.2245254,121.4817037,660
1316236693,31.2246282,121.4833079,661
1316236698,31.2216604,121.4837370,662
1316236699,31.2224382,121.4847107,663
1316236700,31.2210548,121.4850620,664
1316236701,31.2199889,121.4819300,665
1316236702,31.2225962,121.4835975,666
1316236704,31.2194303,121.4860856,667
1316236706,31.2204435,121.4841748,668
1316236708,31.2194426,121.4849245,669
1316236715,31.2236146,121.4797140,670
1316236717,31.2210539,121.4837728,671
1316236718,31.2212925,121.4824867,672
1316236721,31.2214189,121.4827718,673
1316236722,31.2214016,121.4832709,674
1316236723,31.2213706,121.4829274,675
1316236724,31.2187876,121.4826081,676
1316236732,31.2229447,121.4805427,677
1316236736,31.2218172,121.4855374,678
1316236739,31.2231966,121.4817386,679
1316236744,31.2185028,121.4827339,680
1316236745,31.2197872,121.4826933,681
1316236747,31.2219931,121.4854631,682
1316236756,31.2209401,121.4813713,683
1316236759,31.2199327,121.4872820,684
1316236763,31.2218273,121.4825372,685
1316236764,31.2225399,121.4801424,686
1316236765,31.2241330,121.4805935,687
1316236767,31.2187335,121.4823315,688
1316236768,31.2218930,121.4846677,689
1316236770,31.2208622,121.4820740,690
1316236784,31.2215589,121.4820142,691
1316236785,31.2215503,121.4858989,692
1316236787,31.2209356,121.4820740,693
1316236792,31.2231172,121.4804615,694
1316236794,31.2227453,121.4800314,695
1316236804,31.2223934,121.4835834,696
1316236806,31.2199630,121.4850620,697
1316236807,31.2190925,121.4854334,698
1316236808,31.2216329,121.4829538,699
1316236810,31.2245466,121.4812299,700
1316236811,31.2242477,121.4807115,701
1316236812,31.2210414,121.4816418,702
1316236814,31.2183940,121.4869932,703
1316236825,31.2181920,121.4828943,704
1316236828,31.2214585,121.4828626,705
1316236831,31.2209723,121.4851586,706
1316236839,31.2205405,121.4820105,707
1316236841,31.2210336,121.4831756,708
1316236842,31.2204197,121.4817256,709
1316236843,31.2214952,121.4856736,710
1316236844,31.2181553,121.4861914,711
1316236849,31.2207016,121.4822028,712
1316236850,31.2191969,121.4857701,713
1316236853,31.2197107,121.4825300,714
1316236855,31.2251926,121.4832389,715
1316236857,31.2194737,121.4853663,716
1316236858,31.2214127,121.4839677,717
1316236861,31.2220824,121.4837316,718
1316236862,31.2221262,121.4837142,719
1316236871,31.2211339,121.4815737,720
1316236873,31.2228671,121.4805835,721
1316236875,31.2241352,121.4802888,722
1316236877,31.2208392,121.4821652,723
1316236879,31.2206766,121.4830522,724
1316236883,31.2208275,121.4833275,725
1316236887,31.2218558,121.4829729,726
1316236889,31.2196185,121.4864362,727
1316236896,31.2193253,121.4858238,728
1316236898,31.2205501,121.4837970,729
1316236904,31.2232889,121.4814142,730
1316236909,31.2202632,121.4860128,731
1316236911,31.2197164,121.4852154,732
1316236913,31.2221375,121.4849225,733
1316236924,31.2207603,121.4847645,734
1316236925,31.2222738,121.4848178,735
1316236926,31.2215962,121.4831432,736
1316236927,31.2189632,121.4862598,737
1316236928,31.2215595,121.4853410,738
1316236929,31.2199179,121.4862285,739
1316236930,31.2216466,121.4858989,740
1316236932,31.2227410,121.4806401,741
1316236934,31.2200685,121.4817951,742
1316236948,31.2214618,121.4851943,743
1316236951,31.2206465,121.4826909,744
1316236955,31.2223760,121.4861520,745
1316236957,31.2228902,121.4844164,746
1316236961,31.2201832,121.4824603,747
1316236963,31.2211390,121.4859555,748
1316236968,31.2221978,121.4849907,749
1316236974,31.2182661,121.4865502,750
1316236976,31.2210790,121.4834825,751
1316236979,31.2187630,121.4856523,752
1316236984,31.2222867,121.4833691,753
1316236985,31.2195639,121.4821223,754
1316236987,31.2217605,121.4830354,755
1316236998,31.2216521,121.4856072,756
1316237000,31.2220136,121.4849976,757
1316237001,31.2213179,121.4842724,758
1316237003,31.2238820,121.4804530,759
1316237005,31.2197105,121.4863723,760
1316237007,31.2226665,121.4800740,761
1316237011,31.2228806,121.4808510,762
1316237012,31.2182805,121.4859726,763
1316237022,31.2224219,121.4857809,764
1316237025,31.2206532,121.4837378,765
1316237028,31.2203117,121.4824871,766
1316237030,31.2218255,121.4836351,767
1316237033,31.2207108,121.4814732,768
1316237038,31.2203254,121.4859740,769
1316237043,31.2183390,121.4871220,770
1316237048,31.2194217,121.4857004,771
1316237051,31.2203759,121.4861510,772
1316237054,31.2225641,121.4831577,773
1316237057,31.2196867,121.4827437,774
1316237064,31.2185620,121.4876873,775
1316237067,31.2186263,121.4864036,776
1316237077,31.2268509,121.4799748,777
1316237078,31.2255958,121.4805765,778
1316237079,31.2189309,121.4867635,779
1316237080,31.2218576,121.4858881,780
1316237082,31.2220334,121.4845893,781
1316237085,31.2215595,121.4824764,782
1316237087,31.2219953,121.4838979,783
1316237089,31.2230734,121.4812329,784
1316237100,31.2217246,121.4858720,785
1316237102,31.2211324,121.4827330,786
1316237104,31.2203254,121.4839259,787
1316237106,31.2187832,121.4863367,788
1316237108,31.2209957,121.4822429,789
1316237110,31.2176438,121.4870607,790
1316237112,31.2214038,121.4844350,791
1316237115,31.2213955,121.4824052,792
1316237116,31.2242844,121.4814357,793
1316237128,31.2216990,121.4842904,794
1316237129,31.2243587,121.4809418,795
1316237131,31.2227567,121.4854268,796
1316237133,31.2211558,121.4850084,797
1316237135,31.2200502,121.4869074,798
1316237137,31.2227063,121.4835171,799
1316237139,31.2251007,121.4829216,800
1316237142,31.2218898,121.4858130,801
1316237156,31.2232202,121.4811631,802
1316237157,31.2179855,121.4862733,803
1316237158,31.2215029,121.4832044,804
1316237159,31.2219265,121.4833937,805
1316237160,31.2232155,121.4798964,806
1316237161,31.2232713,121.4850311,807
1316237162,31.2197657,121.4818809,808
1316237163,31.2192805,121.4866055,809
1316237164,31.2209452,121.4832408,810
1316237165,31.2209369,121.4838498,811
1316237178,31.2242190,121.4827964,812
1316237180,31.2231305,121.4842542,813
1316237182,31.2216333,121.4826505,814
1316237187,31.2187606,121.4876404,815
1316237188,31.2201707,121.4840147,816
1316237189,31.2238253,121.4816369,817
1316237190,31.2203056,121.4813968,818
1316237191,31.2223072,121.4853302,819
1316237194,31.2216564,121.4822043,820
1316237196,31.2198391,121.4846275,821
1316237198,31.2177288,121.4867572,822
1316237199,31.2207199,121.4822350,823
1316237203,31.2186785,121.4833830,824
1316237204,31.2203965,121.4813359,825
1316237206,31.2232889,121.4807598,826
1316237207,31.2216405,121.4831142,827
1316237209,31.2221942,121.4841171,828
1316237210,31.2186530,121.4826676,829
1316237212,31.2203015,121.4851563,830
1316237213,31.2236169,121.4806056,831
1316237216,31.2217214,121.4825990,832
1316237219,31.2218255,121.4849762,833
1316237227,31.2208858,121.4823077,834
1316237228,31.2233531,121.4847670,835
1316237229,31.2182472,121.4870683,836
1316237230,31.2205680,121.4840928,837
1316237231,31.2223406,121.4838134,838
1316237232,31.2212337,121.4823584,839
1316237234,31.2241468,121.4814947,840
1316237235,31.2213586,121.4821205,841
1316237237,31.2219677,121.4848314,842
1316471693,31.2225640,121.4920144,843
1316471695,31.2179477,121.4834884,844
1316471697,31.2205840,121.4884044,845
1316471698,31.2232934,121.4901905,846
1316471699,31.2227605,121.4899033,847
1316471700,31.2219349,121.4914784,848
1316471702,31.2227108,121.4892786,849
1316471704,31.2233209,121.4904695,850
1316471705,31.2173986,121.4867251,851
1316471706,31.2212933,121.4883666,852
1316471707,31.2214725,121.4873439,853
1316471709,31.2211327,121.4897828,854
1316471712,31.2231402,121.4919583,855
1316471713,31.2192289,121.4884578,856
1316471714,31.2216903,121.4885309,857
1316471715,31.2181882,121.4836229,858
1316471716,31.2179521,121.4837938,859
1316471718,31.2186637,121.4892951,860
1316471719,31.2218875,121.4930143,861
1316471721,31.2173756,121.4874882,862
1316471722,31.2220870,121.4924536,863
1316471723,31.2228438,121.4883773,864
1316471724,31.2224401,121.4874171,865
1316471725,31.2187059,121.4896058,866
1316471726,31.2180271,121.4839410,867
1316471727,31.2223670,121.4878221,868
1316471728,31.2238582,121.4908370,869
1316471732,31.2229860,121.4884149,870
1316471733,31.2180042,121.4832007,871
1316471734,31.2222887,121.4913063,872
1316471735,31.2207015,121.4911615,873
1316471737,31.2207657,121.4885061,874
1316471739,31.2234448,121.4894127,875
1316471740,31.2221676,121.4870313,876
1316471741,31.2223943,121.4923255,877
1316471742,31.2190205,121.4892511,878
1316471743,31.2172839,121.4850943,879
1316471744,31.2189027,121.4885968,880
1316471745,31.2232704,121.4897973,881
1316471746,31.2219166,121.4911097,882
1316471750,31.2178895,121.4838390,883
1316471751,31.2222658,121.4914726,884
1316471753,31.2220351,121.4884162,885
1316471754,31.2214426,121.4901927,886
1316471756,31.2225258,121.4926571,887
1316471757,31.2196807,121.4880588,888
1316471772,31.2171371,121.4868324,889
1316471773,31.2213842,121.4878437,890
1316471774,31.2210468,121.4882906,891
1316471775,31.2227200,121.4908772,892
1316471777,31.2220980,121.4879615,893
1316471778,31.2209104,121.4880136,894
1316471779,31.2230594,121.4909523,895
1316471780,31.2216093,121.4877707,896
1316471788,31.2220962,121.4919813,897
1316471789,31.2215502,121.4869236,898
1316471790,31.2216792,121.4879731,899
1316471792,31.2201815,121.4873165,900
1316471793,31.2230821,121.4888721,901
1316471795,31.2214951,121.4859687,902
1316471796,31.2220637,121.4885967,903
1316471797,31.2184079,121.4887850,904
1316471799,31.2228191,121.4889802,905
1316471801,31.2229974,121.4910858,906
1316471802,31.2197473,121.4882110,907
1316471803,31.2205129,121.4903987,908
1316471804,31.2197295,121.4892069,909
1316471805,31.2218408,121.4871783,910
1316471807,31.2239961,121.4895504,911
1316471808,31.2192512,121.4892226,912
1316471813,31.2214492,121.4907323,913
1316471814,31.2237716,121.4873245,914
1316471815,31.2203299,121.4887958,915
1316471816,31.2186465,121.4890586,916
1316471818,31.2187426,121.4882379,917
1316471819,31.2222630,121.4883438,918
1316471822,31.2221557,121.4882110,919
1316471824,31.2230568,121.4919451,920
1316471825,31.2183527,121.4831740,921
1316471827,31.2180993,121.4833708,922
1316471828,31.2223988,121.4914780,923
1316471829,31.2217474,121.4868592,924
1316471830,31.2197702,121.4886616,925
1316471831,31.2235472,121.4893769,926
1316471832,31.2194720,121.4888762,927
1316471834,31.2188481,121.4881306,928
1316471835,31.2225548,121.4888923,929
1316471837,31.2222475,121.4926796,930
1316471840,31.2208746,121.4888501,931
1316471841,31.2204033,121.4894770,932
1316471844,31.2174032,121.4877121,933
1316471848,31.2207717,121.4889002,934
1316471849,31.2238927,121.4881809,935
1316471850,31.2188291,121.4886282,936
1316471851,31.2205363,121.4882164,937
1316471853,31.2183255,121.4835236,938
1316471854,31.2196372,121.4890372,939
1316471855,31.2230588,121.4908417,940
1316471858,31.2216499,121.4929731,941
1316471859,31.2190683,121.4888977,942
1316471860,31.2222421,121.4924650,943
1316471862,31.2182865,121.4838176,944
1316471863,31.2214028,121.4911316,945
1316471865,31.2182000,121.4832926,946
1316471866,31.2179805,121.4834629,947
1316471868,31.2196400,121.4885864,948
1316471869,31.2231787,121.4924650,949
1316471871,31.2233347,121.4908128,950
1316471872,31.2226128,121.4882372,951
1316471873,31.2231466,121.4891874,952
1316471874,31.2204354,121.4887367,953
1316471875,31.2193436,121.4886670,954
1316471876,31.2235748,121.4888483,955
1316471879,31.2232903,121.4928112,956
1316471881,31.2219515,121.4919710,957
1316471883,31.2222512,121.4900107,958
1316471884,31.2168843,121.4872798,959
1316471886,31.2222036,121.4896010,960
1316471887,31.2201803,121.4914918,961
1316471889,31.2207942,121.4918322,962
1316471890,31.2212933,121.4897453,963
1316471891,31.2220504,121.4874578,964
1316471893,31.2231237,121.4886509,965
1316471894,31.2220273,121.4895951,966
1316471895,31.2219476,121.4918534,967
1316471896,31.2190125,121.4876719,968
1316471898,31.2219199,121.4867004,969
1316471899,31.2227155,121.4918913,970
1316471900,31.2233385,121.4888721,971
1316471902,31.2181744,121.4838970,972
1316471903,31.2216922,121.4864922,973
1316471904,31.2217566,121.4877229,974
1316471906,31.2229082,121.4892617,975
1316471908,31.2225319,121.4924865,976
1316471909,31.2214667,121.4880469,977
1316471913,31.2226833,121.4910649,978
1316471914,31.2222559,121.4919926,979
1316471915,31.2217945,121.4879275,980
1316471916,31.2184763,121.4834145,981
1316471917,31.2191177,121.4892391,982
1316471918,31.2233289,121.4886174,983
1316471919,31.2197498,121.4885849,984
1316471921,31.2172702,121.4870537,985
1316471922,31.2229631,121.4888923,986
1316471924,31.2213758,121.4870094,987
1316471926,31.2224059,121.4918425,988
1316471927,31.2231232,121.4915096,989
1316471929,31.2177094,121.4872845,990
1316471930,31.2221368,121.4874376,991
1316471931,31.2219505,121.4871289,992
1316471934,31.2224997,121.4930323,993
1316471935,31.2233782,121.4919958,994
1316471945,31.2235846,121.4920283,995
1316471946,31.2211638,121.4902670,996
1316471947,31.2206485,121.4886005,997
1316471949,31.2202361,121.4890063,998
1316471951,31.2174236,121.4870593,999
1316471952,31.2224121,121.4920036,1000
1316471954,31.2184222,121.4837195,1001
1316471958,31.2198579,121.4892342,1002
1316471960,31.2222887,121.4880340,1003
1316471961,31.2225961,121.4894931,1004
1316471962,31.2219277,121.4913325,1005
1316471964,31.2174057,121.4854206,1006
1316471968,31.2233255,121.4891284,1007
1316471969,31.2195876,121.4883322,1008
1316471974,31.2217898,121.4872012,1009
1316471975,31.2220363,121.4870903,1010
1316471976,31.2224264,121.4880072,1011
1316471977,31.2236920,121.4893263,1012
1316471978,31.2194697,121.4875760,1013
1316471979,31.2171675,121.4871138,1014
1316471988,31.2180786,121.4837022,1015
1316471990,31.2228805,121.4914619,1016
1316471992,31.2239188,121.4903902,1017
1316471993,31.2201142,121.4878251,1018
1316471994,31.2186116,121.4887122,1019
1316471995,31.2212773,121.4874316,1020
1316471998,31.2177932,121.4836084,1021
1316471999,31.2215751,121.4885692,1022
1316472002,31.2174976,121.4870422,1023
1316472004,31.2195260,121.4913887,1024
1316472006,31.2201821,121.4883861,1025
1316472009,31.2225808,121.4918701,1026
1316472011,31.2215609,121.4896114,1027
1316472013,31.2225224,121.4877974,1028
1316472014,31.2222832,121.4874739,1029
1316472026,31.2196692,121.4882810,1030
1316472028,31.2230184,121.4898571,1031
1316472033,31.2204344,121.4890641,1032
1316472035,31.2221243,121.4889803,1033
1316472037,31.2209398,121.4880732,1034
1316472038,31.2185760,121.4836085,1035
1316472039,31.2220640,121.4878141,1036
1316472056,31.2235640,121.4896058,1037
1316472060,31.2223771,121.4871960,1038
1316472061,31.2211328,121.4868752,1039
1316472063,31.2184263,121.4891015,1040
1316472064,31.2219446,121.4924430,1041
1316472081,31.2237202,121.4915460,1042
1316472082,31.2201734,121.4910314,1043
1316472083,31.2236404,121.4885825,1044
1316472084,31.2233851,121.4914887,1045
1316472087,31.2220910,121.4887694,1046
1316472103,31.2230044,121.4914672,1047
1316472107,31.2227054,121.4882090,1048
1316472111,31.2221885,121.4894710,1049
1316472115,31.2180685,121.4833946,1050
1316472118,31.2176228,121.4869892,1051
1316472128,31.2169699,121.4876623,1052
1316472129,31.2195318,121.4886158,1053
1316472130,31.2178385,121.4835732,1054
1316472131,31.2197297,121.4889466,1055
1316472132,31.2222520,121.4869933,1056
1316472134,31.2212578,121.4873565,1057
1316472135,31.2232429,121.4894878,1058
1316472136,31.2178712,121.4832543,1059
1316472139,31.2223392,121.4910917,1060
1316472140,31.2219313,121.4878699,1061
1316472141,31.2172188,121.4875555,1062
1316472146,31.2226678,121.4890198,1063
1316472147,31.2197309,121.4910301,1064
1316472148,31.2218529,121.4882647,1065
1316472149,31.2224401,121.4887207,1066
1316472150,31.2214568,121.4892406,1067
1316472151,31.2208437,121.4875512,1068
1316472154,31.2202198,121.4885490,1069
1316472156,31.2219651,121.4880194,1070
1316472158,31.2216539,121.4872623,1071
1316472160,31.2175389,121.4873979,1072
1316472161,31.2189764,121.4885654,1073
1316472162,31.2222672,121.4918207,1074
1316472163,31.2192059,121.4889030,1075
1316472164,31.2201831,121.4888172,1076
1316472166,31.2226973,121.4914613,1077
1316472169,31.2194333,121.4886426,1078
1316472171,31.2180592,121.4830183,1079
1316472172,31.2203264,121.4877107,1080
1316472174,31.2223209,121.4885436,1081
1316472177,31.2222337,121.4878570,1082
1316623182,31.2265237,121.4846739,1083
1316623185,31.2290414,121.4884632,1084
1316623187,31.2294231,121.4890279,1085
1316623189,31.2294205,121.4897417,1086
1316623192,31.2287433,121.4885061,1087
1316623193,31.2271076,121.4852677,1088
1316623202,31.2289622,121.4913918,1089
1316623210,31.2277527,121.4845181,1090
1316623215,31.2289444,121.4892858,1091
1316623224,31.2278857,121.4854449,1092
1316623226,31.2274084,121.4861622,1093
1316623230,31.2289582,121.4855093,1094
1316623235,31.2287020,121.4891928,1095
1316623251,31.2275212,121.4851747,1096
1316623254,31.2281510,121.4855631,1097
1316623257,31.2290806,121.4904091,1098
1316623259,31.2282754,121.4857491,1099
1316623264,31.2273771,121.4852071,1100
1316623266,31.2270016,121.4852915,1101
1316623275,31.2284912,121.4884331,1102
1316623279,31.2288075,121.4891445,1103
1316623283,31.2293039,121.4903407,1104
1316623287,31.2287567,121.4917590,1105
1316623291,31.2282662,121.4915585,1106
1316623297,31.2291790,121.4918589,1107
1316623303,31.2271048,121.4845394,1108
1316623306,31.2278579,121.4901798,1109
1316623307,31.2294818,121.4890158,1110
1316623308,31.2272664,121.4916485,1111
1316623310,31.2291492,121.4890846,1112
1316623318,31.2273992,121.4846011,1113
1316623323,31.2288153,121.4920474,1114
1316623328,31.2276883,121.4900781,1115
1316623330,31.2297263,121.4902196,1116
1316623332,31.2288173,121.4906272,1117
1316623339,31.2286148,121.4893645,1118
1316623342,31.2291653,121.4908450,1119
1316623346,31.2286991,121.4914688,1120
1316623357,31.2298013,121.4883499,1121
1316623363,31.2284313,121.4917355,1122
1316623365,31.2289400,121.4902647,1123
1316623368,31.2291710,121.4898006,1124
1316623371,31.2280965,121.4895415,1125
1316623372,31.2273972,121.4841591,1126
1316623373,31.2292847,121.4897737,1127
1316623375,31.2290957,121.4919123,1128
1316623385,31.2287755,121.4890349,1129
1316623387,31.2277241,121.4909132,1130
1316623389,31.2272901,121.4914694,1131
1316623391,31.2288952,121.4890416,1132
1316623398,31.2283396,121.4919340,1133
1316623404,31.2295552,121.4883633,1134
1316623408,31.2280733,121.4850506,1135
1316623410,31.2294174,121.4903040,1136
1316623413,31.2297587,121.4890550,1137
1316623417,31.2270598,121.4842310,1138
1316623419,31.2282616,121.4917677,1139
1316623421,31.2279353,121.4885507,1140
1316623423,31.2293631,121.4847876,1141
1316623425,31.2284926,121.4903810,1142
1316623429,31.2282945,121.4884742,1143
1316623430,31.2282111,121.4914029,1144
1316623433,31.2281792,121.4899186,1145
1316623437,31.2294497,121.4914834,1146
1316623442,31.2272266,121.4918606,1147
1316623454,31.2281194,121.4902013,1148
1316623456,31.2283198,121.4849952,1149
1316623462,31.2284222,121.4858296,1150
1316623465,31.2278671,121.4896005,1151
1316623472,31.2290011,121.4858512,1152
1316623473,31.2291896,121.4905141,1153
1316623476,31.2271544,121.4852572,1154
1316623482,31.2277271,121.4851284,1155
1316623484,31.2285552,121.4921754,1156
1316623486,31.2285560,121.4890424,1157
1316623488,31.2279290,121.4899579,1158
1316623490,31.2280985,121.4908132,1159
1316623495,31.2270793,121.4862816,1160
1316623497,31.2283029,121.4911991,1161
1316623499,31.2273048,121.4836765,1162
1316623505,31.2286116,121.4910183,1163
1316623506,31.2281023,121.4914138,1164
1316623507,31.2276564,121.4895624,1165
1316623510,31.2280001,121.4901906,1166
1316623518,31.2277203,121.4903730,1167
1316623520,31.2291194,121.4912903,1168
1316623521,31.2279864,121.4887797,1169
1316623524,31.2286887,121.4896426,1170
1316623529,31.2289928,121.4899436,1171
1316623533,31.2295368,121.4888173,1172
1316623541,31.2290787,121.4892557,1173
1316623543,31.2286295,121.4859298,1174
1316623545,31.2280873,121.4900135,1175
1316623550,31.2271869,121.4837404,1176
1316623553,31.2284212,121.4922086,1177
1316623555,31.2267754,121.4846065,1178
1316623556,31.2274540,121.4851898,1179
1316623568,31.2278809,121.4888119,1180
1316623569,31.2288870,121.4899400,1181
1316623570,31.2279313,121.4894825,1182
1316623572,31.2284708,121.4918759,1183
1316623573,31.2291974,121.4840539,1184
1316623577,31.2293350,121.4891982,1185
1316623587,31.2297531,121.4891888,1186
1316623589,31.2291904,121.4903738,1187
1316623591,31.2283274,121.4907520,1188
1316623595,31.2283687,121.4896890,1189
1316623608,31.2280583,121.4885242,1190
1316623612,31.2292249,121.4899240,1191
1316623614,31.2282652,121.4891103,1192
1316623616,31.2292946,121.4890545,1193
1316623618,31.2289864,121.4897829,1194
1316623621,31.2291609,121.4882932,1195
1316623630,31.2281882,121.4850248,1196
1316623632,31.2288763,121.4885061,1197
1316623634,31.2281102,121.4887529,1198
1316623638,31.2284175,121.4890747,1199
1316623640,31.2269660,121.4838378,1200
1316623646,31.2293265,121.4882586,1201
1316623647,31.2273210,121.4913046,1202
1316623648,31.2288717,121.4909523,1203
1316623657,31.2290906,121.4899200,1204
1316623658,31.2292662,121.4912795,1205
1316623659,31.2291971,121.4892291,1206
1316623660,31.2284589,121.4894127,1207
1316623663,31.2285906,121.4884123,1208
1316623677,31.2276194,121.4861407,1209
1316623678,31.2284323,121.4900443,1210
1316623679,31.2269726,121.4845850,1211
1316623687,31.2285617,121.4853909,1212
1316623692,31.2279588,121.4860227,1213
1316623694,31.2289304,121.4852877,1214
1316623701,31.2279112,121.4908632,1215
1316623708,31.2281469,121.4860012,1216
1316623710,31.2280047,121.4922827,1217
1316623714,31.2293441,121.4899684,1218
1316623722,31.2286792,121.4890296,1219
1316623726,31.2279547,121.4914286,1220
1316623729,31.2273121,121.4846333,1221
1316623731,31.2281056,121.4894020,1222
1316623734,31.2294072,121.4915429,1223
1316623736,31.2286340,121.4911335,1224
1316623742,31.2276972,121.4886021,1225
1316623744,31.2285866,121.4855890,1226
1316623745,31.2278291,121.4885736,1227
1316693988,31.2264953,121.4857662,1228
1316693989,31.2257294,121.4884579,1229
1316693990,31.2263395,121.4866608,1230
1316693992,31.2264160,121.4851393,1231
1316693994,31.2260092,121.4856093,1232
1316693995,31.2250230,121.4869183,1233
1316693996,31.2253716,121.4882540,1234
1316693998,31.2259037,121.4853304,1235
1316693999,31.2263028,121.4853197,1236
1316694000,31.2261560,121.4846116,1237
1316694003,31.2264279,121.4897222,1238
1316694004,31.2262873,121.4851848,1239
1316694008,31.2256018,121.4888928,1240
1316694010,31.2251347,121.4901282,1241
1316694011,31.2264914,121.4854441,1242
1316694012,31.2263329,121.4860550,1243
1316694013,31.2250784,121.4889152,1244
1316694014,31.2255780,121.4858722,1245
1316694016,31.2257386,121.4888870,1246
1316694017,31.2265787,121.4860453,1247
1316694018,31.2257988,121.4896737,1248
1316694021,31.2251055,121.4859366,1249
1316694022,31.2263192,121.4847245,1250
1316694025,31.2256147,121.4894932,1251
1316694027,31.2260044,121.4847867,1252
1316694028,31.2259286,121.4848158,1253
1316694029,31.2257524,121.4901262,1254
1316694030,31.2265095,121.4897285,1255
1316694031,31.2260964,121.4858454,1256
1316694033,31.2261331,121.4852392,1257
1316694034,31.2265194,121.4855131,1258
1316694036,31.2260413,121.4847725,1259
1316694037,31.2266537,121.4888822,1260
1316694040,31.2264992,121.4852514,1261
1316694041,31.2262459,121.4855897,1262
1316694045,31.2266973,121.4862584,1263
1316694047,31.2262936,121.4857381,1264
1316694050,31.2264595,121.4888908,1265
1316694051,31.2258900,121.4845847,1266
1316694052,31.2261624,121.4847516,1267
1316694053,31.2265459,121.4853143,1268
1316694056,31.2251513,121.4904492,1269
1316694057,31.2262230,121.4855186,1270
1316694059,31.2251026,121.4894837,1271
1316694061,31.2257478,121.4848851,1272
1316694062,31.2250522,121.4882987,1273
1316694063,31.2265872,121.4857488,1274
1316694064,31.2260368,121.4846384,1275
1316694066,31.2261698,121.4860707,1276
1316694067,31.2265826,121.4861243,1277
1316694068,31.2264016,121.4843773,1278
1317670750,31.2246128,121.4933090,1279
1317670756,31.2256419,121.4913703,1280
1317670757,31.2251601,121.4906196,1281
1317670767,31.2258081,121.4928322,1282
1317670769,31.2254270,121.4928627,1283
1317670775,31.2258755,121.4929798,1284
1317670780,31.2256835,121.4919338,1285
1317670782,31.2269057,121.4920670,1286
1317670792,31.2242981,121.4880985,1287
1317670796,31.2239264,121.4931686,1288
1317670798,31.2263258,121.4930822,1289
1317670803,31.2246880,121.4884794,1290
1317670805,31.2264343,121.4910858,1291
1317670808,31.2260924,121.4918469,1292
1317670816,31.2255687,121.4909882,1293
1317670818,31.2259081,121.4884146,1294
1317670820,31.2258533,121.4899633,1295
1317670822,31.2246142,121.4891602,1296
1317670825,31.2250734,121.4936558,1297
1317670827,31.2258903,121.4882445,1298
1317670831,31.2237798,121.4931721,1299
1317670833,31.2264252,121.4895465,1300
1317670835,31.2237580,121.4937645,1301
1317670837,31.2255229,121.4899439,1302
1317670839,31.2244678,121.4892304,1303
1317670845,31.2255463,121.4904268,1304
1317670846,31.2256335,121.4896610,1305
1317670848,31.2252985,121.4904409,1306
1317670849,31.2260275,121.4899600,1307
1317670852,31.2247556,121.4932688,1308
1317670854,31.2267651,121.4913404,1309
1317670856,31.2240917,121.4933500,1310
1317670863,31.2245366,121.4883117,1311
1317670864,31.2265084,121.4906037,1312
1317670866,31.2243669,121.4902818,1313
1317670867,31.2250871,121.4930603,1314
1317670868,31.2255321,121.4912203,1315
1317670873,31.2256376,121.4901266,1316
1317670876,31.2264322,121.4884772,1317
1317670879,31.2261330,121.4885223,1318
1317670881,31.2241352,121.4900672,1319
1317670882,31.2236375,121.4937202,1320
1317670890,31.2268266,121.4913346,1321
1317670892,31.2246325,121.4903096,1322
1317670893,31.2263735,121.4883405,1323
1317670894,31.2256133,121.4909819,1324
1317670895,31.2239311,121.4928243,1325
1317670896,31.2257434,121.4896694,1326
1317670900,31.2255877,121.4928498,1327
1317670902,31.2257177,121.4923053,1328
1317670905,31.2238167,121.4935852,1329
1317670907,31.2241055,121.4924170,1330
1317670908,31.2237210,121.4940992,1331
1317670910,31.2240969,121.4925720,1332
1317670913,31.2259198,121.4931854,1333
1317670914,31.2249169,121.4905701,1334
1317670917,31.2260092,121.4895308,1335
1317670918,31.2247160,121.4886792,1336
1317670921,31.2239862,121.4936236,1337
1317670926,31.2239469,121.4924158,1338
1317670927,31.2271316,121.4904508,1339
1317670930,31.2259257,121.4909377,1340
1317670933,31.2268257,121.4911989,1341
1317670935,31.2242385,121.4927277,1342
1317670940,31.2264405,121.4912525,1343
1317670941,31.2260550,121.4923898,1344
1317670943,31.2258979,121.4918882,1345
1317670952,31.2258023,121.4913831,1346
1317670953,31.2258808,121.4904101,1347
1317670954,31.2273475,121.4900667,1348
1317670955,31.2249220,121.4893967,1349
1317670956,31.2255248,121.4932991,1350
1317670957,31.2260784,121.4928105,1351
1317670965,31.2266111,121.4932386,1352
1317670967,31.2248348,121.4892250,1353
1317670969,31.2250829,121.4940282,1354
1317670971,31.2267798,121.4916066,1355
1317670972,31.2267340,121.4912418,1356
1317670979,31.2270044,121.4897408,1357
1317670980,31.2251562,121.4905445,1358
1317670983,31.2265229,121.4927644,1359
1317670985,31.2262294,121.4929101,1360
1317670986,31.2273476,121.4901955,1361
1317671000,31.2260678,121.4926196,1362
1317671003,31.2272298,121.4921160,1363
1317671006,31.2257064,121.4870793,1364
1317671008,31.2269867,121.4904473,1365
1317671012,31.2263119,121.4926258,1366
1317671014,31.2253725,121.4913812,1367
1317671016,31.2270780,121.4906573,1368
1317671019,31.2251880,121.4932642,1369
1317671021,31.2248666,121.4910234,1370
1317671027,31.2253944,121.4901274,1371
1317671028,31.2262906,121.4870133,1372
1317671031,31.2250674,121.4886568,1373
1317671033,31.2251315,121.4932746,1374
1317671035,31.2265596,121.4930228,1375
1317671038,31.2248439,121.4893940,1376
1317671039,31.2238268,121.4934806,1377
1317671041,31.2257660,121.4933125,1378
1317671044,31.2269174,121.4915744,1379
1317671045,31.2256744,121.4918111,1380
1317671047,31.2255181,121.4923186,1381
1317671049,31.2276001,121.4897042,1382
1317671053,31.2247444,121.4889032,1383
1317671054,31.2263303,121.4881146,1384
1317671055,31.2253895,121.4918251,1385
1317671056,31.2249449,121.4888925,1386
1317671057,31.2263807,121.4914456,1387
1317671058,31.2261147,121.4883721,1388
1317671059,31.2253576,121.4889033,1389
1317671064,31.2241330,121.4919231,1390
1317671067,31.2259907,121.4918685,1391
1317671073,31.2252803,121.4923305,1392
1317671076,31.2255321,121.4901269,1393
1317671077,31.2268440,121.4906734,1394
1317671080,31.2269403,121.4908880,1395
1317671081,31.2248165,121.4935270,1396
1317671082,31.2270704,121.4914304,1397
1317671084,31.2253945,121.4932266,1398
1317671085,31.2275642,121.4901263,1399
1317671090,31.2267566,121.4923295,1400
1317671095,31.2269913,121.4901177,1401
1317671096,31.2255173,121.4909955,1402
1317671099,31.2244724,121.4894825,1403
1317671102,31.2268970,121.4922848,1404
1317671106,31.2257660,121.4904144,1405
1317671107,31.2255416,121.4905989,1406
1317671112,31.2259527,121.4913712,1407
1317671113,31.2248532,121.4888925,1408
1317671120,31.2256451,121.4914134,1409
1317671121,31.2255324,121.4896532,1410
1317671123,31.2234655,121.4932644,1411
1317671124,31.2255183,121.4913759,1412
1317671125,31.2250683,121.4886774,1413
1317671131,31.2253395,121.4906103,1414
1317671132,31.2237430,121.4929434,1415
1317671134,31.2244541,121.4888013,1416
1317671138,31.2256009,121.4880824,1417
1317671140,31.2239591,121.4929601,1418
1317671144,31.2255364,121.4918181,1419
1317671147,31.2262611,121.4923768,1420
1317671148,31.2262982,121.4929423,1421
1317671157,31.2239517,121.4917061,1422
1317671158,31.2244678,121.4889032,1423
1317671161,31.2259725,121.4886671,1424
1317671162,31.2258177,121.4909530,1425
1317671166,31.2249083,121.4883000,1426
1317671168,31.2262158,121.4888960,1427
1317671170,31.2276498,121.4901741,1428
1317671171,31.2252936,121.4901277,1429
1317671173,31.2259541,121.4933447,1430
1317671176,31.2256783,121.4909727,1431
1317671177,31.2265008,121.4904051,1432
1317671179,31.2264469,121.4886510,1433
1317671184,31.2261607,121.4914638,1434
1317671186,31.2266424,121.4886438,1435
1317671187,31.2264427,121.4913111,1436
1317671190,31.2251972,121.4886618,1437
1317671195,31.2247287,121.4887794,1438
1317671197,31.2256839,121.4928421,1439
1317671201,31.2265597,121.4923769,1440
1317671204,31.2269079,121.4913367,1441
1317671209,31.2269821,121.4906244,1442
1317671210,31.2256285,121.4904222,1443
1317671211,31.2243348,121.4888978,1444
1317671214,31.2249037,121.4900473,1445
1317671216,31.2262890,121.4918051,1446
1317671217,31.2253992,121.4904352,1447
1317671221,31.2270002,121.4902416,1448
1317671223,31.2266744,121.4897387,1449
1317671224,31.2268211,121.4902926,1450
1317671227,31.2266296,121.4927526,1451
1317671230,31.2260413,121.4904088,1452
1317671237,31.2243027,121.4917997,1453
1317671240,31.2256514,121.4935592,1454
1317671241,31.2274830,121.4905169,1455
1317671243,31.2266238,121.4913537,1456
1317671247,31.2275551,121.4923791,1457
1317671254,31.2251304,121.4900454,1458
1317671256,31.2267983,121.4927339,1459
1317671261,31.2241055,121.4929599,1460
1317671269,31.2264261,121.4908670,1461
1317671271,31.2245642,121.4886886,1462
1317671274,31.2246367,121.4893868,1463
1317671275,31.2255460,121.4878604,1464
1317671277,31.2246146,121.4900497,1465
1317671280,31.2257431,121.4899653,1466
1317671283,31.2248628,121.4908338,1467
1317671288,31.2242522,121.4892250,1468
1317671289,31.2254460,121.4910056,1469
1317671292,31.2257752,121.4910701,1470
1317671293,31.2253574,121.4910181,1471
1317671296,31.2239632,121.4921216,1472
1317671298,31.2249449,121.4896295,1473
1317671303,31.2242385,121.4923254,1474
1317671305,31.2245229,121.4889032,1475
1317671306,31.2258431,121.4928294,1476
1317671309,31.2268899,121.4911184,1477
1317671311,31.2261923,121.4918251,1478
1317671312,31.2243577,121.4900512,1479
1317671321,31.2264450,121.4914400,1480
1317671324,31.2263893,121.4884837,1481
1317671325,31.2250904,121.4891972,1482
1317671332,31.2267202,121.4920250,1483
1317671333,31.2247247,121.4896321,1484
1317671334,31.2235639,121.4936994,1485
1317671336,31.2236779,121.4934530,1486
1317671343,31.2244403,121.4879009,1487
1317671344,31.2262642,121.4912309,1488
1317671346,31.2254080,121.4906068,1489
1317671347,31.2270092,121.4900246,1490
1317671349,31.2247614,121.4890373,1491
1317671350,31.2259460,121.4912637,1492
1317671354,31.2266743,121.4903462,1493
1317671355,31.2237351,121.4934636,1494
1317671356,31.2262339,121.4920357,1495
1317671357,31.2256420,121.4905925,1496
1317671359,31.2252422,121.4918317,1497
1317671360,31.2260498,121.4914730,1498
1317671363,31.2263899,121.4918051,1499
1317671370,31.2273127,121.4904188,1500
1317671372,31.2241957,121.4943878,1501
1317671375,31.2266030,121.4884515,1502
1317671376,31.2253669,121.4912364,1503
1317671379,31.2264450,121.4913705,1504
1317671382,31.2239907,121.4935109,1505
1317671383,31.2254540,121.4918222,1506
1317671386,31.2260064,121.4935590,1507
1317671389,31.2239005,121.4934942,1508
1317671394,31.2271089,121.4905384,1509
1317671395,31.2260596,121.4910916,1510
1317671397,31.2246981,121.4937265,1511
1317671398,31.2263073,121.4886511,1512
1317671399,31.2269817,121.4903569,1513
1317671401,31.2254679,121.4906037,1514
1317671402,31.2237981,121.4937792,1515
1317671406,31.2246100,121.4891178,1516
1317671408,31.2246284,121.4905876,1517
1317671409,31.2242385,121.4925719,1518
1317671414,31.2271560,121.4903569,1519
1317671415,31.2260505,121.4906144,1520
1317671421,31.2257844,121.4919123,1521
1317671422,31.2248394,121.4886777,1522
1317671424,31.2245412,121.4896343,1523
1317671425,31.2262699,121.4914548,1524
1317671434,31.2268257,121.4897405,1525
1317671438,31.2248807,121.4903355,1526
1317671440,31.2260372,121.4912562,1527
1317671442,31.2263945,121.4923683,1528
1317681862,31.2243394,121.4926634,1529
1317681865,31.2245634,121.4917458,1530
1319204497,31.2183494,121.4944405,1531
1319204520,31.2185639,121.4946376,1532
1319204524,31.2183272,121.4945804,1533
1319204556,31.2210107,121.4929131,1534
1319204560,31.2182671,121.4949587,1535
1319204581,31.2173349,121.4955959,1536
1319641099,31.2176619,121.4938952,1537
1319641127,31.2175808,121.4938794,1538
1319641142,31.2181290,121.4940054,1539
1319641235,31.2180218,121.4944406,1540
1319641256,31.2174865,121.4947502,1541
1319641301,31.2176703,121.4943581,1542
1319641364,31.2176379,121.4947502,1543
1319641380,31.2172137,121.4938228,1544
1319641415,31.2164544,121.4964660,1545
1320103552,31.2198162,121.4917086,1546
1320103554,31.2202015,121.4923416,1547
1320103555,31.2196748,121.4891953,1548
1320103556,31.2188252,121.4901854,1549
1320103569,31.2207959,121.4893889,1550
1320103571,31.2230844,121.4924441,1551
1320103580,31.2177301,121.4923339,1552
1320103582,31.2204349,121.4926367,1553
1320103586,31.2205226,121.4891501,1554
1320103589,31.2199584,121.4900030,1555
1320103597,31.2228551,121.4933252,1556
1320103599,31.2217454,121.4888788,1557
1320103601,31.2208093,121.4888819,1558
1320103603,31.2200370,121.4904599,1559
1320103605,31.2199738,121.4919881,1560
1320103607,31.2183208,121.4932624,1561
1320103617,31.2205593,121.4925240,1562
1320103619,31.2208484,121.4915048,1563
1320103624,31.2193281,121.4925879,1564
1320103625,31.2198090,121.4910303,1565
1320103627,31.2220398,121.4934844,1566
1320103628,31.2203483,121.4899333,1567
1320103630,31.2235347,121.4900286,1568
1320103632,31.2211670,121.4893056,1569
1320103639,31.2226788,121.4901961,1570
1320103640,31.2218594,121.4934608,1571
1320103641,31.2204676,121.4924221,1572
1320103643,31.2214681,121.4925089,1573
1320103644,31.2182729,121.4907584,1574
1320103645,31.2223714,121.4930255,1575
1320103646,31.2221738,121.4875717,1576
1320103653,31.2210123,121.4887862,1577
1320103661,31.2214336,121.4896751,1578
1320103666,31.2215029,121.4934141,1579
1320103670,31.2193974,121.4920484,1580
1320103672,31.2209080,121.4891930,1581
1320103677,31.2217934,121.4913439,1582
1320103679,31.2216326,121.4885501,1583
1320103682,31.2229425,121.4927157,1584
1320103684,31.2203719,121.4904168,1585
1320103686,31.2223072,121.4940690,1586
1320103687,31.2190634,121.4901808,1587
1320103691,31.2211517,121.4924200,1588
1320103696,31.2227063,121.4937618,1589
1320103698,31.2210011,121.4907926,1590
1320103700,31.2198070,121.4923094,1591
1320103701,31.2195547,121.4903088,1592
1320103703,31.2203575,121.4919286,1593
1320103704,31.2214402,121.4938329,1594
1320103705,31.2226989,121.4926730,1595
1320103706,31.2196740,121.4922934,1596
1320103708,31.2219677,121.4876266,1597
1320103709,31.2197587,121.4914254,1598
1320103710,31.2185555,121.4925556,1599
1320103712,31.2188938,121.4917403,1600
1320103714,31.2190595,121.4901209,1601
1320103717,31.2228458,121.4924149,1602
1320103719,31.2215227,121.4939831,1603
1320103720,31.2224494,121.4941816,1604
1320103722,31.2235888,121.4904335,1605
1320103726,31.2217688,121.4918568,1606
1320103728,31.2200914,121.4919983,1607
1320103730,31.2223301,121.4938598,1608
1320103745,31.2182013,121.4903088,1609
1320103749,31.2199492,121.4922987,1610
1320103751,31.2208301,121.4941400,1611
1320103757,31.2214169,121.4910102,1612
1320103767,31.2216466,121.4904214,1613
1320103768,31.2183725,121.4893535,1614
1320103769,31.2209722,121.4904965,1615
1320103770,31.2204355,121.4925508,1616
1320103771,31.2196583,121.4911557,1617
1320103775,31.2227174,121.4924060,1618
1320103777,31.2213504,121.4929327,1619
1320103779,31.2204206,121.4896224,1620
1320103783,31.2234780,121.4904484,1621
1320103785,31.2232017,121.4905985,1622
1320103786,31.2223769,121.4934397,1623
1320103792,31.2190411,121.4898319,1624
1320103794,31.2189795,121.4915740,1625
1320103796,31.2191403,121.4911237,1626
1320103798,31.2207428,121.4890589,1627
1320103800,31.2227450,121.4920869,1628
1320103802,31.2208513,121.4918326,1629
1320103803,31.2207660,121.4925884,1630
1320103807,31.2211789,121.4897720,1631
1320103809,31.2216395,121.4915262,1632
1320103813,31.2219998,121.4903624,1633
1320103815,31.2210072,121.4918328,1634
1320103817,31.2201786,121.4896651,1635
1320103818,31.2218677,121.4894163,1636
1320103826,31.2208218,121.4897714,1637
1320103831,31.2184353,121.4896382,1638
1320103833,31.2186555,121.4902391,1639
1320103834,31.2227712,121.4919001,1640
1320103835,31.2183412,121.4930487,1641
1320103846,31.2203746,121.4902599,1642
1320103848,31.2211741,121.4888872,1643
1320103859,31.2217980,121.4891286,1644
1320103860,31.2227298,121.4907107,1645
1320103861,31.2196950,121.4914153,1646
1320103867,31.2202285,121.4914994,1647
1320103870,31.2220732,121.4927493,1648
1320103877,31.2197813,121.4929235,1649
1320103878,31.2235571,121.4904378,1650
1320103881,31.2223233,121.4944797,1651
1320103882,31.2196510,121.4926152,1652
1320103883,31.2195829,121.4897435,1653
1320103886,31.2222659,121.4892305,1654
1320103887,31.2193666,121.4897670,1655
1320103888,31.2222790,121.4902707,1656
1320103889,31.2221315,121.4900367,1657
1320103891,31.2187278,121.4906665,1658
1320103892,31.2221283,121.4890054,1659
1320103895,31.2213317,121.4933917,1660
1320103896,31.2216751,121.4906827,1661
1320103898,31.2219927,121.4911065,1662
1320103900,31.2218265,121.4903914,1663
1320103901,31.2208621,121.4908077,1664
1320103902,31.2189419,121.4892608,1665
1320103905,31.2207409,121.4920413,1666
1320103907,31.2207107,121.4897992,1667
1320103910,31.2229877,121.4924258,1668
1320103913,31.2234482,121.4915006,1669
1320103914,31.2196648,121.4917140,1670
1320103915,31.2205777,121.4922934,1671
1320103916,31.2211621,121.4911419,1672
1320103918,31.2212183,121.4918405,1673
1320103919,31.2185913,121.4908506,1674
1320103920,31.2220701,121.4930380,1675
1320103921,31.2227249,121.4903015,1676
1320103922,31.2192381,121.4921822,1677
1320103923,31.2222357,121.4910961,1678
1320103924,31.2195960,121.4919554,1679
1320103925,31.2210601,121.4893296,1680
1320103926,31.2197657,121.4894666,1681
1320103927,31.2209814,121.4896007,1682
1320103928,31.2211603,121.4907916,1683
1320103929,31.2213537,121.4904660,1684
1320103931,31.2197310,121.4919671,1685
1320103932,31.2188023,121.4919178,1686
1320103933,31.2212016,121.4915262,1687
1320103934,31.2216219,121.4901472,1688
1320103936,31.2211124,121.4902791,1689
1320103937,31.2199584,121.4896114,1690
1320103938,31.2216303,121.4913463,1691
1320103941,31.2228236,121.4934275,1692
1320103942,31.2187052,121.4921685,1693
1320103943,31.2225596,121.4920790,1694
1320103944,31.2187977,121.4898260,1695
1320103945,31.2212172,121.4911395,1696
1320103946,31.2211420,121.4905663,1697
1320103948,31.2206027,121.4910326,1698
1320103949,31.2194767,121.4911078,1699
1320103951,31.2188711,121.4907970,1700
1320103952,31.2187616,121.4902055,1701
1320103954,31.2219815,121.4890535,1702
1320103955,31.2191640,121.4905784,1703
1320103956,31.2218026,121.4938920,1704
1320103959,31.2179578,121.4924195,1705
1320103961,31.2204784,121.4922834,1706
1320103962,31.2206218,121.4894280,1707
1320103964,31.2184363,121.4907254,1708
1320103965,31.2214402,121.4886834,1709
1320103970,31.2210157,121.4911481,1710
1320103971,31.2183619,121.4903088,1711
1320103973,31.2205960,121.4921592,1712
1320103975,31.2193391,121.4916174,1713
1320103977,31.2183114,121.4908989,1714
1320103978,31.2191991,121.4898004,1715
1320103979,31.2200043,121.4917998,1716
1320103980,31.2227238,121.4908125,1717
1320103981,31.2226017,121.4939807,1718
1320103982,31.2218278,121.4892457,1719
1320103983,31.2215571,121.4929533,1720
1320103987,31.2220579,121.4898255,1721
1320103988,31.2190658,121.4892455,1722
1320103989,31.2209237,121.4903236,1723
1320103992,31.2207678,121.4929156,1724
1320103994,31.2192114,121.4892275,1725
1320103995,31.2185175,121.4926544,1726
1320103996,31.2223217,121.4906701,1727
1320103997,31.2184349,121.4926175,1728
1320103998,31.2202036,121.4921378,1729
1320103999,31.2196255,121.4929165,1730
1320104000,31.2198116,121.4925723,1731
1320104001,31.2195683,121.4896854,1732
1320104005,31.2212854,121.4892791,1733
1320104008,31.2216328,121.4938276,1734
1320104009,31.2211303,121.4929131,1735
1320104011,31.2190297,121.4897666,1736
1320104013,31.2234355,121.4900459,1737
1320104015,31.2232350,121.4919732,1738
1320104016,31.2228327,121.4926926,1739
1320104025,31.2209768,121.4890267,1740
1320104026,31.2206840,121.4915712,1741
1320104027,31.2223255,121.4890428,1742
1320104029,31.2227760,121.4905551,1743
1320104030,31.2185959,121.4898099,1744
1320104041,31.2235704,121.4908346,1745
1320104043,31.2213169,121.4902262,1746
1320104044,31.2239798,121.4899584,1747
1320104045,31.2187060,121.4897294,1748
1320104049,31.2182835,121.4933726,1749
1320104050,31.2214486,121.4906841,1750
1320104052,31.2229485,121.4919281,1751
1320104053,31.2180270,121.4933234,1752
1320104054,31.2207388,121.4921860,1753
1320104055,31.2202024,121.4922557,1754
1320104057,31.2230480,121.4927377,1755
1320104058,31.2216902,121.4934386,1756
1320104059,31.2218961,121.4895997,1757
1320104061,31.2204092,121.4895269,1758
1320104070,31.2223146,121.4889339,1759
1320104071,31.2223806,121.4933072,1760
1320104072,31.2208643,121.4911546,1761
1320104073,31.2214054,121.4929382,1762
1320104074,31.2189949,121.4925334,1763
1320104077,31.2214356,121.4913492,1764
1320104078,31.2221737,121.4893441,1765
1320104079,31.2200926,121.4921378,1766
1320104080,31.2194950,121.4926152,1767
1320104081,31.2223714,121.4937042,1768
1320104082,31.2185222,121.4893197,1769
1320104083,31.2182413,121.4925310,1770
1320104085,31.2212704,121.4937900,1771
1320104087,31.2209187,121.4893613,1772
1320104088,31.2205839,121.4903896,1773
1320104089,31.2229040,121.4930470,1774
1320104090,31.2219861,121.4940690,1775
1320104092,31.2204330,121.4929215,1776
1320104093,31.2180209,121.4903186,1777
1320104094,31.2202336,121.4899547,1778
1320104095,31.2221923,121.4944357,1779
1320104096,31.2200960,121.4925401,1780
1320104097,31.2203667,121.4921378,1781
1320104098,31.2220980,121.4900439,1782
1320104100,31.2213255,121.4907433,1783
1320104101,31.2215690,121.4898905,1784
1320104102,31.2236623,121.4900063,1785
1320104103,31.2198541,121.4914404,1786
1320104104,31.2221949,121.4930178,1787
1320104105,31.2190897,121.4905934,1788
1320104106,31.2194675,121.4901586,1789
1320104110,31.2198686,121.4919790,1790
1320104112,31.2190179,121.4914994,1791
1320104113,31.2194887,121.4917567,1792
1320104114,31.2210379,121.4915312,1793
1320104116,31.2237030,121.4904182,1794
1320104117,31.2189729,121.4906170,1795
1320104118,31.2193482,121.4902069,1796
1320104119,31.2214585,121.4915262,1797
1320104120,31.2197474,121.4917462,1798
1320104121,31.2224081,121.4891769,1799
1320104124,31.2194332,121.4905376,1800
1320104125,31.2198942,121.4917945,1801
1320104126,31.2217355,121.4929958,1802
1324294208,31.2151872,121.4861030,1803
1324294220,31.2167322,121.4926321,1804
1324294228,31.2147954,121.4856005,1805
1324294230,31.2144919,121.4863017,1806
1324294236,31.2169352,121.4937042,1807
1324294241,31.2164351,121.4940099,1808
1324294249,31.2165561,121.4944442,1809
1324294264,31.2150636,121.4859425,1810
1324294266,31.2152412,121.4853611,1811
1324294269,31.2158112,121.4927010,1812
1324294286,31.2161782,121.4930175,1813
1324294292,31.2151349,121.4854182,1814
1324294302,31.2156757,121.4912969,1815
1324294303,31.2169795,121.4940412,1816
1324294305,31.2149166,121.4850516,1817
1324294307,31.2155846,121.4933180,1818
1324294320,31.2153517,121.4853017,1819
1324294322,31.2151604,121.4851399,1820
1324294324,31.2161248,121.4917298,1821
1324294326,31.2164076,121.4919664,1822
1324294330,31.2146647,121.4929821,1823
1324294350,31.2170040,121.4938061,1824
1324294368,31.2169306,121.4929156,1825
1324294370,31.2149395,121.4860172,1826
1324294372,31.2150752,121.4854502,1827
1324294376,31.2163846,121.4917142,1828
1324294395,31.2165932,121.4911345,1829
1324294402,31.2150175,121.4850194,1830
1324294410,31.2150843,121.4931838,1831
1324294420,31.2157764,121.4944174,1832
1324294422,31.2147973,121.4851535,1833
1324294424,31.2158061,121.4929632,1834
1324294433,31.2154226,121.4928445,1835
1324294448,31.2167104,121.4933286,1836
1324294450,31.2150713,121.4851895,1837
1324294454,31.2162287,121.4930416,1838
1324294456,31.2154533,121.4926527,1839
1324294458,31.2160635,121.4954208,1840
1324294461,31.2163968,121.4923735,1841
1324294463,31.2168545,121.4921273,1842
1324294481,31.2157757,121.4917943,1843
1324294487,31.2168572,121.4940078,1844
1324294508,31.2154363,121.4927586,1845
1324294511,31.2161093,121.4933019,1846
1324294516,31.2153055,121.4860486,1847
1324294520,31.2159873,121.4932736,1848
1324294533,31.2159121,121.4929961,1849
1324294543,31.2153386,121.4860333,1850
1324294551,31.2169087,121.4921325,1851
1324294575,31.2154091,121.4857486,1852
1324294579,31.2154120,121.4929106,1853
1324294583,31.2155385,121.4863618,1854
1324294589,31.2151276,121.4928619,1855
1324294594,31.2160990,121.4923575,1856
1324294609,31.2161050,121.4922120,1857
1324294615,31.2165865,121.4926742,1858
1324294638,31.2168893,121.4938168,1859
1324294650,31.2149665,121.4861661,1860
1324294654,31.2157506,121.4945573,1861
1324294686,31.2165822,121.4916340,1862
1324294696,31.2166507,121.4938705,1863
1324294714,31.2163050,121.4941647,1864
1324294727,31.2156749,121.4929226,1865
1324294729,31.2147697,121.4859636,1866
1324294785,31.2149578,121.4856954,1867
1324294787,31.2162470,121.4945678,1868
1324294804,31.2166203,121.4942055,1869
1324294807,31.2162385,121.4941554,1870
1324294809,31.2148037,121.4864243,1871
1324294810,31.2167413,121.4936416,1872
1324294834,31.2168664,121.4946858,1873
1324294850,31.2156323,121.4863874,1874
1324294852,31.2154746,121.4932901,1875
1324294856,31.2164305,121.4945088,1876
1324294864,31.2167471,121.4934681,1877
1324294866,31.2153560,121.4932601,1878
1324294871,31.2159615,121.4934135,1879
1324294881,31.2165441,121.4934117,1880
1324294917,31.2165819,121.4942030,1881
1324294921,31.2154625,121.4861406,1882
1324294933,31.2152652,121.4863713,1883
1324294936,31.2136316,121.4941967,1884
1324294938,31.2149393,121.4855233,1885
1324294939,31.2170223,121.4940528,1886
1324294940,31.2160553,121.4929044,1887
1324294968,31.2157135,121.4933507,1888
1324294985,31.2166232,121.4921702,1889
1324294989,31.2149762,121.4852340,1890
1324295012,31.2162608,121.4928405,1891
1324295022,31.2171707,121.4942412,1892
1324295027,31.2162745,121.4924864,1893
1324295043,31.2152285,121.4927225,1894
1324295049,31.2165688,121.4943260,1895
1324295091,31.2153799,121.4863605,1896
1324295098,31.2152379,121.4850905,1897
1324295129,31.2152458,121.4858279,1898
1324295132,31.2146688,121.4851965,1899
1324295135,31.2164076,121.4925063,1900
1324295149,31.2157671,121.4912941,1901
1324295174,31.2163537,121.4933587,1902
1324295176,31.2160886,121.4926096,1903
1324295182,31.2146734,121.4864678,1904
1324295201,31.2151102,121.4861251,1905
1324295202,31.2158350,121.4940995,1906
1324295203,31.2148129,121.4862100,1907
1324295205,31.2147632,121.4862242,1908
1324295206,31.2155524,121.4928847,1909
1324295231,31.2144336,121.4857804,1910
1324295234,31.2150362,121.4854712,1911
1328999431,31.2144502,121.4958804,1912
1328999442,31.2137449,121.4938591,1913
1328999452,31.2142973,121.4940050,1914
1328999502,31.2152992,121.4932457,1915
1328999518,31.2147066,121.4944367,1916
1328999560,31.2135479,121.4947064,1917
1328999608,31.2142847,121.4943647,1918
1404036950,31.2162242,121.4845366,1919
1404036952,31.2161466,121.4854929,1920
1404036953,31.2160315,121.4858133,1921
1404036968,31.2158159,121.4850569,1922
1404036972,31.2159489,121.4862693,1923
1404036975,31.2157262,121.4848734,1924
1404036983,31.2162838,121.4860225,1925
1404036994,31.2163788,121.4853291,1926
1404037003,31.2157454,121.4861823,1927
1404037005,31.2158526,121.4858348,1928
1404037011,31.2161508,121.4847190,1929
1404037013,31.2157470,121.4843062,1930
1404037014,31.2157387,121.4854517,1931
1404037015,31.2162012,121.4854648,1932
1404037018,31.2162124,121.4860430,1933
1404037020,31.2158617,121.4861515,1934
1404037024,31.2159204,121.4850063,1935
1404037025,31.2160223,121.4860976,1936
1404037027,31.2160590,121.4853683,1937
1404037029,31.2155543,121.4850384,1938
1404037030,31.2157058,121.4848316,1939
1404037033,31.2160085,121.4843811,1940
1404037043,31.2155969,121.4857754,1941
1404037044,31.2159978,121.4855694,1942
1404037047,31.2161554,121.4842952,1943
1404037053,31.2156278,121.4854968,1944
1404037055,31.2158204,121.4859957,1945
1404037073,31.2158296,121.4844832,1946
1404037085,31.2161554,121.4857811,1947
1404037086,31.2159351,121.4861191,1948
1404037087,31.2163205,121.4861405,1949
1404037095,31.2169187,121.4934644,1950
1404037105,31.2152965,121.4851993,1951
1404037107,31.2160774,121.4841503,1952
1404037115,31.2157746,121.4846975,1953
1404037117,31.2160957,121.4862103,1954
1404037125,31.2162058,121.4849818,1955
1404037126,31.2163845,121.4844681,1956
1404037134,31.2159286,121.4853746,1957
1404037141,31.2161044,121.4860740,1958
1404037149,31.2160228,121.4849567,1959
1404152783,31.2133516,121.4847354,1960
1404152790,31.2156447,121.4831085,1961
1404152799,31.2135503,121.4850297,1962
1404152847,31.2140886,121.4844120,1963
1404152880,31.2141366,121.4847818,1964
1404152885,31.2162698,121.4825896,1965
1540771151,31.2242808,121.4959445,1966
1548518395,31.2270654,121.4929445,1967
1562117598,31.2273621,121.4776613,1968
1562117599,31.2266331,121.4771014,1969
1562117605,31.2265186,121.4767343,1970
1563370132,31.2244335,121.4768528,1971
1580625972,31.2126573,121.4675125,1972
1609088904,31.2193264,121.4786754,1973
1883258214,31.2316239,121.4909902,1974
1888382882,31.2257854,121.4971103,1975
1890502796,31.2304920,121.4740036,1976
2922033539,31.2144078,121.4793544,1977
2922033553,31.2146422,121.4784635,1978
2969936436,31.2258177,121.4855779,1979
2969936446,31.2243261,121.4859693,1980
3027169562,31.2158979,121.4785819,1981
3027169571,31.2157357,121.4784407,1982
3027169573,31.2155528,121.4781364,1983
3027169576,31.2158132,121.4786459,1984
3110525720,31.2254248,121.4761841,1985
3117897472,31.2287821,121.4888245,1986
3356046288,31.2245298,121.4991553,1987
3560335826,31.2156846,121.4903761,1988
3560335827,31.2157751,121.4886650,1989
3560335835,31.2157576,121.4885333,1990
3560335839,31.2156644,121.4905920,1991
3560335842,31.2153838,121.4886298,1992
3758885805,31.2265178,121.4861864,1993
3758885806,31.2267769,121.4866182,1994
3758885811,31.2263409,121.4867551,1995
3758885813,31.2265309,121.4866317,1996
3758885817,31.2262321,121.4868103,1997
3758885819,31.2267954,121.4867514,1998
3758885823,31.2269214,121.4864654,1999
4153722393,31.2234701,121.4760250,2000
4198258583,31.2187284,121.4940233,2001
4252530974,31.2209831,121.4941574,2002
4397155843,31.2162120,121.4774324,2003
4397155856,31.2184379,121.4766829,2004
4460275969,31.2230105,121.4836372,2005
4705342936,31.2233291,121.4784724,2006
4868839655,31.2210710,121.4933571,2007
4875052074,31.2211652,121.4925724,2008
4908327481,31.2243737,121.4761654,2009
4908327490,31.2241063,121.4741190,2010
4955392133,31.2269824,121.4804679,2011
4955392148,31.2258871,121.4813067,2012
4955392152,31.2257565,121.4809949,2013
5070865543,31.2290818,121.4943090,2014
5070865544,31.2289036,121.4941131,2015
5346182653,31.2276675,121.4865090,2016
6593999668,31.2293273,121.4898954,2017
6594039687,31.2293298,121.4904708,2018
6594039688,31.2291042,121.4905434,2019
6594039689,31.2289907,121.4905749,2020
6594039690,31.2289279,121.4899296,2021
6878239427,31.2185404,121.4930418,2022
7113840960,31.2224044,121.4826505,2023
7114595669,31.2236451,121.4849782,2024
7114684949,31.2246667,121.4687761,2025
7682752532,31.2292211,121.4831004,2026
7682752533,31.2293235,121.4838551,2027
8095275553,31.2199399,121.4789166,2028
8095275557,31.2205904,121.4773701,2029
